Workbook

Sheet import CapNhatTrungTuyen
A1: STT | B1: CCCD | C1: Mã ĐKXT | D1: Ngày sinh | E1: Giới tính | F1: Dân tộc | G1: Email SV | H1: MSSV | I1: Mật khẩu Online | J1: Email UEH | K1: Mật khẩu Email | L1: Tổng điểm | M1: ĐTC0 PT1 | N1: ĐTC0 PT2 | O1: Loại CCQT UID | P1: Số điểm CCQT | Q1: Ngày thi CCQT | R1: Ngày thi CCQT Mới | S1: ĐTB Lớp 10 | T1: ĐTB Lớp 11 | U1: ĐTB Lớp 12
A2: 1 | B2: 086308009238 | R2: 68.59 | T2: 67.76 | V2: 0
A3: 2 | B3: 086308006995 | R3: 64.7 | T3: 64.7 | V3: 0
A4: 3 | B4: 086208000490 | R4: 79.01 | T4: 76.68 | V4: 0
A5: 4 | B5: 083308010347 | R5: 67.99 | T5: 66.32 | V5: 0
A6: 5 | B6: 083308001521 | R6: 63.13 | T6: 61.46 | V6: 0
A7: 6 | B7: 082208015752 | R7: 67.71 | T7: 66.04
A8: 7 | B8: 079208042443 | R8: 88.94 | T8: 88.94 | V8: 7
A9: 8 | B9: 072308010254 | R9: 64.47 | T9: 63.64 | V9: 0
A10: 9 | B10: 066308006122 | R10: 77.51 | T10: 68.34 | V10: 0
A11: 10 | B11: 044208010722 | R11: 84.64 | T11: 83.54 | V11: 6.5
A12: 11 | B12: 040208024160 | R12: 73.95 | T12: 72.28 | V12: 0
A13: 12 | B13: 038208002727 | R13: 68.39 | T13: 67.56 | V13: 0
A14: 13 | B14: 008308006425 | C14: KSVBS2617443 | D14: 08016541 | J14: 08/01/2008 | K14: Nữ | L14: Kinh | M14: nhiv91608@gmail.com | R14: 80.56 | T14: 78.4 | V14: 0 | Y14: 8.46 | Z14: 8.5 | AA14: 8.72
A15: 14 | B15: 025308012169 | C15: KSVBS2629385 | D15: 25037325 | J15: 08/12/2008 | K15: Nữ | L15: Kinh | M15: khanhchi8812@gmail.com | N15: 31261570488 | O15: 27522792 | P15: chinguyen.31261570488@st.ueh.edu.vn | Q15: 27522792 | R15: 78.46 | T15: 77.72 | V15: 0 | Y15: 8.62 | Z15: 8.69 | AA15: 9.19
A16: 15 | B16: 033308007672 | C16: KSVBS2621873 | D16: 33005334 | J16: 20/04/2008 | K16: Nữ | L16: Kinh | M16: nhhang2@gmail.com | N16: 31261570513 | O16: 87102618 | P16: hangnguyen.31261570513@st.ueh.edu.vn | Q16: 87102618 | R16: 82.02 | T16: 81.4 | V16: 0 | Y16: 8.59 | Z16: 8.52 | AA16: 8.66
A17: 16 | B17: 034308005716 | C17: KSVBS2626874 | D17: 31021165 | J17: 25/10/2008 | K17: Nữ | L17: Kinh | M17: lphuong25102008@gmail.com | N17: 31261570490 | O17: 97019616 | P17: phuongnguyen.31261570490@st.ueh.edu.vn | Q17: 97019616 | R17: 76.22 | T17: 76.22 | V17: 0 | Y17: 8.68 | Z17: 8.11 | AA17: 8.93
A18: 17 | B18: 037308003748 | C18: KSVBS2603312 | D18: 37003959 | J18: 27/02/2008 | K18: Nữ | L18: Kinh | M18: phamlinh2722@gmail.com | N18: 31261570510 | O18: 84633605 | P18: linhpham.31261570510@st.ueh.edu.vn | Q18: 84633605 | R18: 67.49 | T18: 66.66 | V18: 0 | Y18: 7.06 | Z18: 7.54 | AA18: 7.7
A19: 18 | B19: 038307007810 | C19: KSVBS2613966 | D19: 75003150 | J19: 31/01/2007 | K19: Nữ | L19: Kinh | M19: nguyenngocbaoloan910@gmail.com | N19: 31261570511 | O19: 22019106 | P19: loannguyen.31261570511@st.ueh.edu.vn | Q19: 22019106 | R19: 75.77 | T19: 74.1 | V19: 0 | Y19: 8.18 | Z19: 8.72 | AA19: 8.74
A20: 19 | B20: 038308013704 | C20: KSVBS2620036 | D20: 79129945 | J20: 13/01/2008 | K20: Nữ | L20: Kinh | M20: hdo516516@gmail.com | N20: 31261570417 | O20: 68062150 | P20: huyendo.31261570417@st.ueh.edu.vn | Q20: 68062150 | R20: 62.87 | T20: 62.04 | V20: 0 | Y20: 8.03 | Z20: 8.01 | AA20: 8
A21: 20 | B21: 042307010416 | C21: KSVBS2618284 | D21: 42011184 | J21: 09/02/2007 | K21: Nữ | L21: Kinh | M21: nhit5753@gmail.com | N21: 31261570517 | O21: 40146008 | P21: nhitran.31261570517@st.ueh.edu.vn | Q21: 40146008 | R21: 64.67 | T21: 63 | V21: 0 | Y21: 6.69 | Z21: 7.73 | AA21: 8.11
A22: 21 | B22: 046206005798 | C22: KSVBS2646585 | D22: 46013275 | J22: 15/12/2006 | K22: Nam | L22: Kinh | M22: trannhattuyen3@gmail.com | R22: 66.15 | T22: 64.48 | V22: 0 | Y22: 7.43 | Z22: 7.81 | AA22: 8.06
A23: 22 | B23: 058307004501 | C23: KSVBS2631437 | D23: 79088789 | J23: 08/02/2007 | K23: Nữ | L23: Kinh | M23: votuyetle2007@gmail.com | N23: 31261570512 | O23: 54709450 | P23: levo.31261570512@st.ueh.edu.vn | Q23: 54709450 | R23: 65.47 | T23: 64.64 | V23: 0 | Y23: 7.48 | Z23: 7.71 | AA23: 7.58
A24: 23 | B24: 060308009190 | C24: KSVBS2643331 | D24: 68026368 | J24: 08/04/2008 | K24: Nữ | L24: Kinh | M24: ngocquyenbui.122@gmail.com | N24: 31261570524 | O24: 13239135 | P24: quyenbui.31261570524@st.ueh.edu.vn | Q24: 13239135 | R24: 80.81 | T24: 79.44 | V24: 0 | Y24: 8.42 | Z24: 8.83 | AA24: 8.92
A25: 24 | B25: 066208001338 | C25: KSVBS2603875 | D25: 66018672 | F25: Giải thưởng kỳ thi chọn học sinh giỏi cấp tỉnh/TP: | G25: Toán | H25: Nhì | I25: 2026 | J25: 21/12/2008 | K25: Nam | L25: Kinh | M25: giapdang122108@gmail.com | R25: 86.12 | T25: 85.64 | V25: 0 | Y25: 8.13 | Z25: 8.34 | AA25: 8.54
A26: 25 | B26: 066208003927 | C26: KSVBS2622794 | D26: 66012019 | J26: 07/12/2008 | K26: Nam | L26: Kinh | M26: giathinh712@gmail.com | N26: 31261570483 | O26: 93249165 | P26: thinhle.31261570483@st.ueh.edu.vn | Q26: 93249165 | R26: 80.34 | T26: 78.16 | V26: 0 | Y26: 8.28 | Z26: 8.88 | AA26: 8.53
A27: 26 | B27: 066308009933 | C27: KSVBS2610292 | D27: 66012061 | J27: 17/07/2008 | K27: Nữ | L27: Kinh | M27: tramlebao118@gmail.com | N27: 31261570521 | O27: 94437458 | P27: tramle.31261570521@st.ueh.edu.vn | Q27: 94437458 | R27: 77.63 | T27: 75.14 | V27: 0 | Y27: 8.3 | Z27: 8.17 | AA27: 8.54
A28: 27 | B28: 067308001789 | C28: KSVBS2641447 | D28: 68037533 | J28: 29/04/2008 | K28: Nữ | L28: Kinh | M28: vananhtrannguyen94@gmail.com | N28: 31261570518 | O28: 53102859 | P28: anhtran.31261570518@st.ueh.edu.vn | Q28: 53102859 | R28: 70.28 | T28: 67.78 | V28: 0 | Y28: 8.17 | Z28: 8.24 | AA28: 8.6
A29: 28 | B29: 068208002791 | C29: KSVBS2620084 | D29: 68010239 | J29: 23/12/2008 | K29: Nam | L29: Kinh | M29: ndmphuong2312@gmail.com | R29: 84.49 | T29: 83.38 | V29: 0 | Y29: 8.73 | Z29: 8.68 | AA29: 8.76
A30: 29 | B30: 068208007545 | C30: KSVBS2604269 | D30: 68009037 | F30: Giải thưởng kỳ thi chọn học sinh giỏi cấp tỉnh/TP: | G30: Toán | H30: Ba | I30: 2026 | J30: 12/02/2008 | K30: Nam | L30: Kinh | M30: anhvecaki692@gmail.com | R30: 90.48 | T30: 89.8 | V30: 0 | Y30: 8.96 | Z30: 8.86 | AA30: 8.51
A31: 30 | B31: 068208012324 | C31: KSVBS2608556 | D31: 68017988 | J31: 29/12/2008 | K31: Nam | L31: Kinh | M31: thienle.31261570410@st.ueh.edu.vn | R31: 67.17 | T31: 65.5 | V31: 0 | Y31: 7.24 | Z31: 7.02 | AA31: 7.41
A32: 31 | B32: 068308007047 | C32: KSVBS2648890 | D32: 68017743 | J32: 18/03/2008 | K32: Nữ | L32: Kinh | M32: tranthihaiha2008@gmail.com | N32: 31261570498 | O32: 46618392 | P32: hatran.31261570498@st.ueh.edu.vn | Q32: 46618392 | R32: 78.14 | T32: 76.58 | V32: 0 | Y32: 8.7 | Z32: 8.56 | AA32: 8.94
A33: 32 | B33: 075308018302 | C33: KSVBS2631425 | D33: 75021250 | J33: 28/01/2008 | K33: Nữ | L33: Kinh | M33: trngtranh830@gmail.com | N33: 31261570522 | O33: 36540494 | P33: anhtran.31261570522@st.ueh.edu.vn | Q33: 36540494 | R33: 63.37 | T33: 61.7 | V33: 0 | Y33: 7.07 | Z33: 7.29 | AA33: 7.13
A34: 33 | B34: 075308023084 | C34: KSVBS2610916 | D34: 75006902 | J34: 04/06/2008 | K34: Nữ | L34: Kinh | M34: nguyenhathuylinh8@gmail.com | N34: 31261570435 | O34: 51765438 | P34: linhnguyen.31261570435@st.ueh.edu.vn | Q34: 51765438 | R34: 73.75 | T34: 72.92 | V34: 0 | Y34: 7.72 | Z34: 7.79 | AA34: 7.69
A35: 34 | B35: 077208001964 | C35: KSVBS2622915 | D35: 79134235 | J35: 18/04/2008 | K35: Nam | L35: Kinh | M35: kimtrienbui@gmail.com | N35: 31261570471 | O35: 48630710 | P35: trienbui.31261570471@st.ueh.edu.vn | Q35: 48630710 | R35: 84.71 | T35: 83.62 | V35: 0 | Y35: 8.47 | Z35: 8.73 | AA35: 8.42
A36: 35 | B36: 077308001983 | C36: KSVBS2608241 | D36: 79133877 | J36: 12/07/2008 | K36: Nữ | L36: Kinh | M36: vuleequynhanh1278@gmail.com | N36: 31261570478 | O36: 81838721 | P36: anhvu.31261570478@st.ueh.edu.vn | Q36: 81838721 | R36: 71.09 | T36: 69.42 | V36: 0 | Y36: 7.57 | Z36: 7.88 | AA36: 8.21
A37: 36 | B37: 079308009276 | C37: KSVBS2640309 | D37: 79055743 | J37: 14/04/2008 | K37: Nữ | L37: Kinh | M37: nguyentranyennhi140408@gmail.com | N37: 31261570493 | O37: 58072374 | P37: nhinguyen.31261570493@st.ueh.edu.vn | Q37: 58072374 | R37: 81.98 | T37: 81.98 | U37: IELTS | V37: 6.5 | W37: 30/05/2026 | Y37: 9.39 | Z37: 9.29 | AA37: 9.42
A38: 37 | B38: 079308028343 | C38: KSVBS2615477 | D38: 79007817 | J38: 02/01/2008 | K38: Nữ | L38: Kinh | M38: thanhnam08071995@gmail.com | R38: 63.02 | T38: 63.02 | V38: 0 | Y38: 6.51 | Z38: 7.61 | AA38: 8.01
A39: 38 | B39: 079308035195 | C39: KSVBS2613129 | D39: 79086650 | J39: 02/04/2008 | K39: Nữ | L39: Kinh | M39: hoaithuongg242008@gmail.com | N39: 31261570418 | O39: 90737160 | P39: thuongle.31261570418@st.ueh.edu.vn | Q39: 90737160 | R39: 66.11 | T39: 65.28 | V39: 0 | Y39: 7.46 | Z39: 7.99 | AA39: 8.32
A40: 39 | B40: 079308045991 | C40: KSVBS2629470 | D40: 86015830 | J40: 02/11/2008 | K40: Nữ | L40: Kinh | M40: phwgahn0203@gmail.com | R40: 69.51 | T40: 68.68 | V40: 0 | Y40: 8.47 | Z40: 8.49 | AA40: 8.32
A41: 40 | B41: 080308001683 | C41: KSVBS2642326 | D41: 80015581 | J41: 19/01/2008 | K41: Nữ | L41: Kinh | M41: legiahan401@gmail.com | N41: 31261570422 | O41: 72899460 | P41: hanle.31261570422@st.ueh.edu.vn | Q41: 72899460 | R41: 77.68 | T41: 76.08 | V41: 0 | Y41: 8.81 | Z41: 8.59 | AA41: 8.89
A42: 41 | B42: 080308005311 | C42: KSVBS2612737 | D42: 80002943 | J42: 31/08/2008 | K42: Nữ | L42: Kinh | M42: wiburetien@gmail.com | R42: 76.91 | T42: 76.12 | V42: 0 | Y42: 8.64 | Z42: 8.57 | AA42: 8.59
A43: 42 | B43: 080308005425 | C43: KSVBS2646165 | D43: 80007124 | J43: 16/05/2008 | K43: Nữ | L43: Kinh | M43: tamnhu052008@gmail.com | N43: 31261570447 | O43: 11101430 | P43: nhutran.31261570447@st.ueh.edu.vn | Q43: 11101430 | R43: 67.23 | T43: 65.56 | V43: 0 | Y43: 7.39 | Z43: 8.67 | AA43: 9.04
A44: 43 | B44: 080308013680 | C44: KSVBS2638157 | D44: 80015539 | J44: 18/09/2008 | K44: Nữ | L44: Kinh | M44: dungpham.31261570469@st.ueh.edu.vn | R44: 75.57 | T44: 73.9 | V44: 0 | Y44: 8.42 | Z44: 8.42 | AA44: 8.78
A45: 44 | B45: 082208000404 | C45: KSVBS2617513 | D45: 82020692 | J45: 07/06/2008 | K45: Nam | L45: Kinh | M45: tmai83178@gmail.com | N45: 31261570491 | O45: 84858551 | P45: taimai.31261570491@st.ueh.edu.vn | Q45: 84858551 | R45: 71.63 | T45: 69.96 | V45: 0 | Y45: 9.21 | Z45: 8.99 | AA45: 8.82
A46: 45 | B46: 082208007608 | C46: KSVBS2600064 | D46: 82025020 | J46: 22/01/2008 | K46: Nam | L46: Kinh | M46: ngocxinhtrainhatvutru@gmail.com | R46: 69.61 | T46: 67.94 | V46: 0 | Y46: 8.13 | Z46: 8.82 | AA46: 9.13
A47: 46 | B47: 082307008212 | C47: KSVBS2627672 | D47: 82023757 | J47: 19/10/2007 | K47: Nữ | L47: Kinh | M47: tuyenhuynh.759499@gmail.com | N47: 31261570505 | O47: 57222001 | P47: tuyenhuynh.31261570505@st.ueh.edu.vn | Q47: 57222001 | R47: 72.55 | T47: 71.72 | V47: 0 | Y47: 7.61 | Z47: 8.19 | AA47: 8.54
A48: 47 | B48: 082308003110 | C48: KSVBS2630964 | D48: 82027055 | J48: 21/10/2008 | K48: Nữ | L48: Kinh | M48: nganhuynh.589514@gmail.com | N48: 31261570501 | O48: 65385742 | P48: nganhuynh.31261570501@st.ueh.edu.vn | Q48: 65385742 | R48: 75.35 | T48: 73.68 | V48: 0 | Y48: 8.27 | Z48: 8.73 | AA48: 9.27
A49: 48 | B49: 082308006662 | C49: KSVBS2607253 | D49: 82036403 | J49: 10/05/2008 | K49: Nữ | L49: Kinh | M49: lethkieuoannh@gmail.com | N49: 31261570507 | O49: 54582631 | P49: oanhle.31261570507@st.ueh.edu.vn | Q49: 54582631 | R49: 67.37 | T49: 65.7 | V49: 0 | Y49: 8.18 | Z49: 8.09 | AA49: 8.53
A50: 49 | B50: 082308013726 | C50: KSVBS2643155 | D50: 82020884 | J50: 28/01/2008 | K50: Nữ | L50: Kinh | M50: and503295@gmail.com | R50: 65.31 | T50: 63.64 | V50: 0 | Y50: 7.9 | Z50: 8.57 | AA50: 8.98
A51: 50 | B51: 083208000690 | C51: KSVBS2615007 | D51: 86006228 | J51: 30/03/2008 | K51: Nam | L51: Kinh | M51: nguyendithanhh77223@gmail.com | N51: 31261570482 | O51: 92851272 | P51: thanhnguyen.31261570482@st.ueh.edu.vn | Q51: 92851272 | R51: 77.38 | T51: 75.76 | V51: 0 | Y51: 9.29 | Z51: 9.14 | AA51: 9.31
A52: 51 | B52: 083208009377 | C52: KSVBS2605434 | D52: 86001609 | J52: 19/12/2008 | K52: Nam | L52: Kinh | M52: phuctruong.31261570440@st.ueh.edu.vn | N52: 31261570440 | O52: 74466552 | P52: phuctruong.31261570440@st.ueh.edu.vn | Q52: 74466552 | R52: 70.27 | T52: 68.6 | V52: 0 | Y52: 7.44 | Z52: 7.87 | AA52: 8.16
A53: 52 | B53: 083308001940 | C53: KSVBS2641837 | D53: 86001255 | J53: 01/03/2008 | K53: Nữ | L53: Kinh | M53: tranxuanbinh.ss03@gmail.com | N53: 31261570462 | O53: 75769615 | P53: binhtran.31261570462@st.ueh.edu.vn | Q53: 75769615 | R53: 67.89 | T53: 66.22 | V53: 0 | Y53: 7.91 | Z53: 8.06 | AA53: 8.84
A54: 53 | B54: 083308003866 | C54: KSVBS2646296 | D54: 86004120 | J54: 05/09/2008 | K54: Nữ | L54: Kinh | M54: kimngan022209@gmail.com | N54: 31261570411 | O54: 33382342 | P54: ngannguyen.31261570411@st.ueh.edu.vn | Q54: 33382342 | R54: 77.85 | T54: 76.26 | V54: 0 | Y54: 9.07 | Z54: 9.32 | AA54: 9.54
A55: 54 | B55: 083308010613 | C55: KSVBS2643272 | D55: 86004464 | J55: 01/01/2008 | K55: Nữ | L55: Kinh | M55: lengochan010108@gmail.com | R55: 71.81 | T55: 70.14 | V55: 0 | Y55: 7.41 | Z55: 8.59 | AA55: 9.02
A56: 55 | B56: 084308005383 | C56: KSVBS2603131 | D56: 86029154 | J56: 23/12/2008 | K56: Nữ | L56: Khơ Me | M56: huynhbangtram.hbt@gmail.com | N56: 31261570465 | O56: 27104215 | P56: tramhuynh.31261570465@st.ueh.edu.vn | Q56: 27104215 | R56: 87.51 | T56: 80.28 | V56: 0 | Y56: 8.74 | Z56: 9.02 | AA56: 9.11
A57: 56 | B57: 084308006597 | C57: KSVBS2600593 | D57: 86035965 | J57: 23/11/2008 | K57: Nữ | L57: Kinh | M57: queanhd77@gmail.com | N57: 31261570427 | O57: 15021555 | P57: anhdinh.31261570427@st.ueh.edu.vn | Q57: 15021555 | R57: 70.3 | T57: 67.8 | V57: 0 | Y57: 8.44 | Z57: 8.39 | AA57: 8.72
A58: 57 | B58: 086208001080 | C58: KSVBS2627907 | D58: 86014873 | J58: 26/08/2008 | K58: Nam | L58: Kinh | M58: trungnhan260808@gmail.com | N58: 31261570516 | O58: 32721196 | P58: nhan.31261570516@st.ueh.edu.vn | Q58: 32721196 | R58: 80.66 | T58: 80 | V58: 0 | Y58: 8.61 | Z58: 8.6 | AA58: 8.4
A59: 58 | B59: 086208001876 | C59: KSVBS2649001 | D59: 86018407 | J59: 10/03/2008 | K59: Nam | L59: Kinh | M59: namanht028@gmail.com | N59: 31261570407 | O59: 38363905 | P59: anhnguyen.31261570407@st.ueh.edu.vn | Q59: 38363905 | R59: 65.77 | T59: 64.1 | V59: 0 | Y59: 7.93 | Z59: 7.99 | AA59: 8.33
A60: 59 | B60: 086208005701 | C60: KSVBS2646022 | D60: 86013669 | J60: 07/06/2008 | K60: Nam | L60: Kinh | M60: minhtao.31261570463@st.ueh.edu.vn | N60: 31261570463 | O60: 74297819 | P60: minhtao.31261570463@st.ueh.edu.vn | Q60: 74297819 | R60: 78.34 | T60: 77.6 | V60: 0 | Y60: 7.98 | Z60: 8.32 | AA60: 8.56
A61: 60 | B61: 086208007331 | C61: KSVBS2639187 | D61: 86015559 | J61: 14/01/2008 | K61: Nam | L61: Kinh | M61: phphong1401@gmail.com | R61: 80.12 | T61: 79.44 | V61: 0 | Y61: 8.7 | Z61: 8.6 | AA61: 8.43
A62: 61 | B62: 086208009865 | C62: KSVBS2647175 | D62: 79045946 | J62: 19/05/2008 | K62: Nam | L62: Kinh | M62: epixgoes@gmail.com | N62: 31261570504 | O62: 10400186 | P62: taimai.31261570504@st.ueh.edu.vn | Q62: 10400186 | R62: 76.16 | T62: 76.16 | V62: 0 | Y62: 6.87 | Z62: 7.21 | AA62: 7.78
A63: 62 | B63: 086208011841 | C63: KSVBS2624950 | D63: 86022472 | J63: 21/10/2008 | K63: Nam | L63: Kinh | M63: phuckhanh2110@gmail.com | N63: 31261570470 | O63: 88076560 | P63: khanhnguyen.31261570470@st.ueh.edu.vn | Q63: 88076560 | R63: 73.86 | T63: 71.36 | V63: 0 | Y63: 8.17 | Z63: 7.87 | AA63: 8.61
A64: 63 | B64: 086307005884 | C64: KSVBS2608906 | D64: 0 | J64: 04/10/2007 | K64: Nữ | L64: Kinh | M64: chaudiepngoctuoi@gmail.com | R64: 70.43 | T64: 69.6 | V64: 0 | Y64: 8.43 | Z64: 8.46 | AA64: 8.03
A65: 64 | B65: 086308000630 | C65: KSVBS2611886 | D65: 91022174 | J65: 01/01/2008 | K65: Nữ | L65: Kinh | M65: dophuongvyag2008@gmail.com | R65: 72.63 | T65: 71.8 | V65: 0 | Y65: 7.81 | Z65: 7.57 | AA65: 7.16
A66: 65 | B66: 086308004288 | C66: KSVBS2638358 | D66: 86022886 | J66: 19/10/2008 | K66: Nữ | L66: Kinh | M66: ptruc1967@gmail.com | N66: 31261570475 | O66: 35496455 | P66: phuongdang.31261570475@st.ueh.edu.vn | Q66: 35496455 | R66: 77.51 | T66: 75.9 | V66: 0 | Y66: 8.17 | Z66: 8.98 | AA66: 9.12
A67: 66 | B67: 086308004540 | C67: KSVBS2609596 | D67: 86013991 | J67: 10/04/2008 | K67: Nữ | L67: Kinh | M67: thluu0410@gmail.com | N67: 31261570472 | O67: 29592287 | P67: thuluu.31261570472@st.ueh.edu.vn | Q67: 29592287 | R67: 76 | T67: 75.18 | V67: 0 | Y67: 8.47 | Z67: 8.87 | AA67: 9.01
A68: 67 | B68: 086308005441 | C68: KSVBS2620480 | D68: 86022658 | J68: 06/12/2008 | K68: Nữ | L68: Kinh | M68: ait47748@gmail.com | N68: 31261570479 | O68: 29239557 | P68: anhle.31261570479@st.ueh.edu.vn | Q68: 29239557 | R68: 74.09 | T68: 72.42 | V68: 0 | Y68: 8.36 | Z68: 8.65 | AA68: 8.8
A69: 68 | B69: 086308006658 | C69: KSVBS2638777 | D69: 86013671 | J69: 23/04/2008 | K69: Nữ | L69: Kinh | M69: lemy123vl@gmail.com | N69: 31261570492 | O69: 47956323 | P69: myle.31261570492@st.ueh.edu.vn | Q69: 47956323 | R69: 80.66 | T69: 80 | V69: 0 | Y69: 8.81 | Z69: 8.73 | AA69: 8.74
A70: 69 | B70: 086308007620 | C70: KSVBS2605793 | D70: 86024812 | J70: 25/06/2008 | K70: Nữ | L70: Kinh | M70: panh07787@gmail.com | R70: 66.51 | T70: 64.84 | V70: 0 | Y70: 7.58 | Z70: 7.88 | AA70: 8.53
A71: 70 | B71: 087208000775 | C71: KSVBS2618146 | D71: 8201335 | J71: 15/04/2008 | K71: Nam | L71: Kinh | M71: nguyennguyen.31261570481@st.ueh.edu.vn | N71: 31261570481 | O71: 52609637 | P71: nguyennguyen.31261570481@st.ueh.edu.vn | Q71: 52609637 | R71: 73.05 | T71: 71.38 | V71: 0 | Y71: 8.01 | Z71: 7.89 | AA71: 8.5
A72: 71 | B72: 087208010723 | C72: KSVBS2639007 | D72: 82018666 | J72: 07/12/2008 | K72: Nam | L72: Kinh | M72: chuankhoa08@gmail.com | N72: 31261570497 | O72: 38372031 | P72: khoanguyen.31261570497@st.ueh.edu.vn | Q72: 38372031 | R72: 68.25 | T72: 66.58 | V72: 0 | Y72: 8.03 | Z72: 7.67 | AA72: 7.82
A73: 72 | B73: 087308004435 | C73: KSVBS2649203 | D73: 82017938 | J73: 03/01/2008 | K73: Nữ | L73: Kinh | M73: manhyangho0301@gmail.com | N73: 31261570480 | O73: 60060213 | P73: anhpham.31261570480@st.ueh.edu.vn | Q73: 60060213 | R73: 66.71 | T73: 65.04 | V73: 0 | Y73: 8.57 | Z73: 8.79 | AA73: 8.81
A74: 73 | B74: 087308004738 | C74: KSVBS2646087 | D74: 82017359 | J74: 02/01/2008 | K74: Nữ | L74: Kinh | M74: tranngocminhtam412@gmail.com | N74: 31261570448 | O74: 32508150 | P74: tamtran.31261570448@st.ueh.edu.vn | Q74: 32508150 | R74: 69.75 | T74: 68.92 | V74: 0 | Y74: 8.38 | Z74: 8.44 | AA74: 8.51
A75: 74 | B75: 087308009654 | C75: KSVBS2641380 | D75: 82008371 | J75: 15/05/2008 | K75: Nữ | L75: Kinh | M75: nganhuynh.951505@gmail.com | N75: 31261570443 | O75: 54658447 | P75: nganhuynh.31261570443@st.ueh.edu.vn | Q75: 54658447 | R75: 72.13 | T75: 71.3 | V75: 0 | Y75: 8.23 | Z75: 8.51 | AA75: 8.61
A76: 75 | B76: 087308013713 | C76: KSVBS2635329 | D76: 82014498 | J76: 03/11/2008 | K76: Nữ | L76: Kinh | M76: hohophanthituyetphuong@gmail.com | N76: 31261570509 | O76: 51943260 | P76: phuongho.31261570509@st.ueh.edu.vn | Q76: 51943260 | R76: 72.31 | T76: 70.64 | V76: 0 | Y76: 7.9 | Z76: 8.7 | AA76: 8.52
A77: 76 | B77: 089208022494 | C77: KSVBS2636913 | D77: 91013419 | J77: 17/12/2008 | K77: Nam | L77: Kinh | M77: quocbinh17122008@gmail.com | N77: 31261570439 | O77: 88497307 | P77: binhho.31261570439@st.ueh.edu.vn | Q77: 88497307 | R77: 73.57 | T77: 71.9 | V77: 0 | Y77: 8.44 | Z77: 8.63 | AA77: 9.24
A78: 77 | B78: 089308000129 | C78: KSVBS2642636 | D78: 91021928 | J78: 04/07/2008 | K78: Nữ | L78: Kinh | M78: miphg0208@gmail.com | N78: 31261570519 | O78: 45355106 | P78: phuongon.31261570519@st.ueh.edu.vn | Q78: 45355106 | R78: 79.43 | T78: 78.72 | U78: IELTS | V78: 6 | W78: 09/05/2026 | Y78: 8 | Z78: 8.12 | AA78: 8.2
A79: 78 | B79: 089308002325 | C79: KSVBS2624948 | D79: 91027079 | J79: 29/06/2008 | K79: Nữ | L79: Kinh | M79: duongthidieuthi110220@gmail.com | N79: 31261570441 | O79: 84285425 | P79: thiduong.31261570441@st.ueh.edu.vn | Q79: 84285425 | R79: 69.17 | T79: 67.5 | V79: 0 | Y79: 7.61 | Z79: 8.11 | AA79: 8.53
A80: 79 | B80: 089308002708 | C80: KSVBS2617831 | D80: 91029732 | J80: 07/08/2008 | K80: Nữ | L80: Kinh | M80: truonghoangkhanhlinh163@gmail.com | N80: 31261570430 | O80: 77060759 | P80: linhtruong.31261570430@st.ueh.edu.vn | Q80: 77060759 | R80: 73.66 | T80: 71.16 | V80: 0 | Y80: 8.16 | Z80: 8.17 | AA80: 8.24
A81: 80 | B81: 089308010311 | C81: KSVBS2632732 | D81: 91014946 | J81: 21/07/2008 | K81: Nữ | L81: Kinh | M81: nnthaovi217tt@gmail.com | N81: 31261570420 | O81: 51094847 | P81: vinguyen.31261570420@st.ueh.edu.vn | Q81: 51094847 | R81: 72.41 | T81: 70.74 | V81: 0 | Y81: 8.22 | Z81: 8.02 | AA81: 8.41
A82: 81 | B82: 089308015401 | C82: KSVBS2616527 | D82: 91030538 | J82: 01/12/2008 | K82: Nữ | L82: Kinh | M82: nmyhanh100@gmail.com | N82: 31261570514 | O82: 61788238 | P82: hanhnguyen.31261570514@st.ueh.edu.vn | Q82: 61788238 | R82: 68.81 | T82: 67.14 | V82: 0 | Y82: 7.69 | Z82: 8.12 | AA82: 8.58
A83: 82 | B83: 091207004070 | C83: KSVBS2605074 | D83: 91020005 | J83: 09/04/2007 | K83: Nam | L83: Kinh | M83: tdp090407@gmail.com | N83: 31261570431 | O83: 69610183 | P83: phutran.31261570431@st.ueh.edu.vn | Q83: 69610183 | R83: 76.39 | T83: 74.72 | V83: 0 | Y83: 7.08 | Z83: 8.01 | AA83: 8.36
A84: 83 | B84: 091208001550 | C84: KSVBS2612974 | D84: 91029245 | J84: 10/01/2008 | K84: Nam | L84: Kinh | M84: sangnguyenhung532@gmail.com | N84: 31261570434 | O84: 83659997 | P84: sangnguyen.31261570434@st.ueh.edu.vn | Q84: 83659997 | R84: 63.81 | T84: 62.98 | V84: 0 | Y84: 6.03 | Z84: 6.56 | AA84: 7
A85: 84 | B85: 091308007131 | C85: KSVBS2607081 | D85: 91029508 | J85: 29/10/2008 | K85: Nữ | L85: Kinh | M85: yenvhk208221@gmail.com | N85: 31261570408 | O85: 43769466 | P85: yenvuong.31261570408@st.ueh.edu.vn | Q85: 43769466 | R85: 63.67 | T85: 62.84 | V85: 0 | Y85: 7.21 | Z85: 7.78 | AA85: 7.59
A86: 85 | B86: 091308014159 | C86: KSVBS2600202 | D86: 91018048 | J86: 30/04/2008 | K86: Nữ | L86: Kinh | M86: giaohg1234@gmail.com | N86: 31261570450 | O86: 84438349 | P86: giaohuynh.31261570450@st.ueh.edu.vn | Q86: 84438349 | R86: 72.91 | T86: 71.24 | V86: 0 | Y86: 7.51 | Z86: 7.71 | AA86: 8.64
A87: 86 | B87: 092208001825 | C87: KSVBS2623834 | D87: 92010238 | J87: 29/05/2008 | K87: Nam | L87: Kinh | M87: lekien2958@gmail.com | N87: 31261570460 | O87: 33260398 | P87: kienle.31261570460@st.ueh.edu.vn | Q87: 33260398 | R87: 66.32 | T87: 66.32 | V87: 0 | Y87: 7.14 | Z87: 7.94 | AA87: 7.81
A88: 87 | B88: 092208010072 | C88: KSVBS2639703 | D88: 91030492 | J88: 28/12/2008 | K88: Nam | L88: Kinh | M88: nguyenlehoangduy281208@gmail.com | R88: 82.42 | T88: 81.16 | V88: 0 | Y88: 8.51 | Z88: 8.6 | AA88: 9
A89: 88 | B89: 092308000202 | C89: KSVBS2600914 | D89: 92005163 | J89: 20/06/2008 | K89: Nữ | L89: Kinh | M89: baotranhuynh2207@gmail.com | N89: 31261570425 | O89: 71933317 | P89: tranhuynh.31261570425@st.ueh.edu.vn | Q89: 71933317 | R89: 77.79 | T89: 75.32 | V89: 0 | Y89: 7.86 | Z89: 8.12 | AA89: 8.34
A90: 89 | B90: 092308001070 | C90: KSVBS2612397 | D90: 86022760 | J90: 16/12/2008 | K90: Nữ | L90: Kinh | M90: nguyenhoangkimtb2021@gmail.com | N90: 31261570484 | O90: 10227239 | P90: kimnguyen.31261570484@st.ueh.edu.vn | Q90: 10227239 | R90: 80.91 | T90: 79.54 | V90: 0 | Y90: 9.14 | Z90: 9.19 | AA90: 9.57
A91: 90 | B91: 092308009465 | C91: KSVBS2646760 | D91: 92012463 | J91: 16/02/2008 | K91: Nữ | L91: Kinh | M91: hong.agn@gmail.com | N91: 31261570477 | O91: 78302850 | P91: anhho.31261570477@st.ueh.edu.vn | Q91: 78302850 | R91: 87.9 | T91: 87.48 | V91: 0 | Y91: 8.87 | Z91: 9.41 | AA91: 9.21
A92: 91 | B92: 093308002669 | C92: KSVBS2622908 | D92: 92019535 | J92: 28/05/2008 | K92: Nữ | L92: Kinh | M92: phamkieulam208@gmail.com | N92: 31261570523 | O92: 90572415 | P92: lampham.31261570523@st.ueh.edu.vn | Q92: 90572415 | R92: 66.89 | T92: 65.22 | V92: 0 | Y92: 7.41 | Z92: 8.18 | AA92: 8.25
A93: 92 | B93: 094308011074 | C93: KSVBS2642989 | D93: 92029803 | J93: 28/10/2008 | K93: Nữ | L93: Kinh | M93: thiennthien8@gmail.com | N93: 31261570409 | O93: 85583613 | P93: thienhuynh.31261570409@st.ueh.edu.vn | Q93: 85583613 | R93: 75.52 | T93: 73.02 | V93: 0 | Y93: 6.87 | Z93: 8.13 | AA93: 9.05
A94: 93 | B94: 095208002435 | C94: KSVBS2630721 | D94: 96013121 | J94: 24/09/2008 | K94: Nam | L94: Kinh | M94: thuanphat.052019@gmail.com | N94: 31261570456 | O94: 62388767 | P94: phatquang.31261570456@st.ueh.edu.vn | Q94: 62388767 | R94: 75.73 | T94: 74.9 | V94: 0 | Y94: 7.26 | Z94: 7.6 | AA94: 8.38
A95: 94 | B95: 095208003828 | C95: KSVBS2616644 | D95: 80022364 | J95: 23/08/2008 | K95: Nam | L95: Kinh | M95: loctrabnnn@gmail.com | R95: 61.79 | T95: 60.12 | V95: 0 | Y95: 6.11 | Z95: 6.41 | AA95: 7.02
A96: 95 | B96: 095307002559 | C96: KSVBS2646885 | D96: 96012922 | J96: 19/01/2007 | K96: Nữ | L96: Kinh | M96: dkieu1901@gmail.com | N96: 31261570466 | O96: 49779224 | P96: kieunguyen.31261570466@st.ueh.edu.vn | Q96: 49779224 | R96: 74.56 | T96: 72.06 | V96: 0 | Y96: 7.56 | Z96: 8.07 | AA96: 7.67
A97: 96 | B97: 095308002044 | C97: KSVBS2625294 | D97: 96012205 | J97: 27/06/2008 | K97: Nữ | L97: Kinh | M97: dankhanh1921@gmail.com | R97: 72.33 | T97: 71.5 | V97: 0 | Y97: 7.49 | Z97: 7.68 | AA97: 8.03
A98: 97 | B98: 095308007499 | C98: KSVBS2632781 | D98: 96017949 | J98: 03/09/2008 | K98: Nữ | L98: Kinh | M98: ttrang2263bc@gmail.com | R98: 71.77 | T98: 70.1 | V98: 0 | Y98: 8.13 | Z98: 8.36 | AA98: 9.02
A99: 98 | B99: 096205010696 | C99: KSVBS2644460 | D99: 92012000 | J99: 13/12/2005 | K99: Nam | L99: Kinh | M99: levinhkhang84@gmail.com | N99: 31261570451 | O99: 47536122 | P99: khangle.31261570451@st.ueh.edu.vn | Q99: 47536122 | R99: 67.14 | T99: 67.14 | V99: 0 | Y99: 7.48 | Z99: 7.18 | AA99: 8.04
A100: 99 | B100: 096208012431 | C100: KSVBS2630961 | D100: 96008338 | F100: Giải thưởng kỳ thi chọn học sinh giỏi cấp tỉnh/TP: | G100: Tiếng Anh | H100: Ba | I100: 2024 | J100: 17/11/2008 | K100: Nam | L100: Kinh | M100: thienducnguyen996@gmail.com | N100: 31261570515 | O100: 48742685 | P100: ducnguyen.31261570515@st.ueh.edu.vn | Q100: 48742685 | R100: 87.35 | T100: 86.44 | V100: 0 | Y100: 8.66 | Z100: 8.77 | AA100: 8.78
...

Sheet FILE CT (CHEP CCCD TU CHAY)
A1: STT | B1: CCCD | C1: Mã ĐKXT | D1: SBD | E1: Mã nơi sinh | F1: Tên giải HSG | G1: Tên môn HSG | H1: Tên hạng HSG | I1: Năm HSG | J1: Ngày sinh | K1: Giới tính | L1: Dân tộc | M1: Email SV | N1: Điện thoại | O1: MSSV | P1: Mật khẩu Online | Q1: Email UEH | R1: Mật khẩu Email | S1: Tổng điểm | T1: ĐTC0 PT1 | U1: ĐTC0 PT2 | V1: Loại CCQT UID | W1: Số điểm CCQT | X1: Ngày thi CCQT | Y1: Ngày thi CCQT Mới | Z1: ĐTB Lớp 10 | AA1: ĐTB Lớp 11 | AB1: ĐTB Lớp 12 | AE1: Cạp nhật cột này để lấy MSSV
A2: 1 | B2: 089308002325 | C2: =VLOOKUP(B2,'DANH SACH UEH'!$A$3:$FE$2228,2,0) -> KSVBS2624948 | D2: =IFERROR(VLOOKUP(B2,'DS NGHIEP VU BO'!$A$3:$BX$148,6,0),"") -> 91027079 | E2: =VLOOKUP(B2,'DS NGHIEP VU BO'!$A$3:$BX$148,45,0) -> An Giang | F2: =IF(G2<>"","Giải thưởng kỳ thi chọn học sinh giỏi cấp tỉnh/TP:","") | G2: =IFERROR(IF(VLOOKUP(B2,'DANH SACH UEH'!$A$3:$FE$2228,18,0)="Không có","",VLOOKUP(B2,'DANH SACH UEH'!$A$3:$FE$2228,18,0)),"") | H2: =IFERROR(IF(VLOOKUP(B2,'DANH SACH UEH'!$A$3:$FE$2228,20,0)="Không có","",VLOOKUP(B2,'DANH SACH UEH'!$A$3:$FE$2228,20,0)),"") | I2: =IFERROR(IF(VLOOKUP(B2,'DANH SACH UEH'!$A$3:$FE$2228,19,0)="Không có","",VLOOKUP(B2,'DANH SACH UEH'!$A$3:$FE$2228,19,0)),"") | J2: =VLOOKUP(B2,'DANH SACH UEH'!$A$3:$FE$2228,6,0) -> 29/06/2008 | K2: =IF(VLOOKUP(B2,'DANH SACH UEH'!$A$3:$FE$2228,5,0)="1","Nữ","Nam") -> Nữ | L2: =VLOOKUP(B2,'DANH SACH UEH'!$A$3:$FE$2228,14,0) -> Kinh | M2: =VLOOKUP(B2,'DANH SACH UEH'!$A$3:$FE$2228,7,0) -> duongthidieuthi110220@gmail.com | N2: =VLOOKUP(B2,'DANH SACH UEH'!$A$3:$FE$2228,8,0) -> 0901242703 | O2: =IFERROR(VLOOKUP(AE2,'DS TAO MAIL'!$D$3:$M$1120,5,0),"") -> 31261570441 | P2: =IFERROR(VLOOKUP(AE2,'DS TAO MAIL'!$D$3:$M$1120,8,0),"") -> 84285425 | Q2: =IFERROR(VLOOKUP(AE2,'DS TAO MAIL'!$D$3:$M$1120,7,0),"") -> thiduong.31261570441@st.ueh.edu.vn | R2: =IFERROR(VLOOKUP(AE2,'DS TAO MAIL'!$D$3:$M$1120,8,0),"") -> 84285425 | S2: 68.59 | U2: 67.76 | V2: =IFERROR(IF(VLOOKUP(B2,'DANH SACH UEH'!$A$3:$FE$2228,27,0)="Không có","",IF(VLOOKUP(B2,'DANH SACH UEH'!$A$3:$FE$2228,29,0)<"6","",(VLOOKUP(B2,'DANH SACH UEH'!$A$3:$FE$2228,27,0)))),"") | W2: =IFERROR(IF(VLOOKUP(B2,'DANH SACH UEH'!$A$3:$FE$2228,29,0)<"6","",VLOOKUP(B2,'DANH SACH UEH'!$A$3:$FE$2228,29,0)),"") | X2: =IFERROR(IF(V2="","",VLOOKUP(B2,'DANH SACH UEH'!$A$3:$FE$2228,28,0)&""),"") | Z2: =VLOOKUP(B2,'DANH SACH UEH'!$A$3:$FE$2228,44,0) -> 7.61 | AA2: =VLOOKUP(B2,'DANH SACH UEH'!$A$3:$FE$2228,45,0) -> 8.11 | AB2: =VLOOKUP(B2,'DANH SACH UEH'!$A$3:$FE$2228,46,0) -> 8.53 | AE2: =VLOOKUP(B2,'DANH SACH UEH'!$A$3:$I$2229,4,0) -> DƯƠNG THỊ DIỆU THI | AF2: =VLOOKUP(B2,'DANH SACH UEH'!$A$3:$I$2229,8,0) -> 0901242703
A3: 2 | B3: 089308000129 | C3: =VLOOKUP(B3,'DANH SACH UEH'!$A$3:$FE$2228,2,0) -> KSVBS2642636 | D3: =IFERROR(VLOOKUP(B3,'DS NGHIEP VU BO'!$A$3:$BX$148,6,0),"") -> 91021928 | E3: =VLOOKUP(B3,'DS NGHIEP VU BO'!$A$3:$BX$148,45,0) -> An Giang | F3: =IF(G3<>"","Giải thưởng kỳ thi chọn học sinh giỏi cấp tỉnh/TP:","") | G3: =IFERROR(IF(VLOOKUP(B3,'DANH SACH UEH'!$A$3:$FE$2228,18,0)="Không có","",VLOOKUP(B3,'DANH SACH UEH'!$A$3:$FE$2228,18,0)),"") | H3: =IFERROR(IF(VLOOKUP(B3,'DANH SACH UEH'!$A$3:$FE$2228,20,0)="Không có","",VLOOKUP(B3,'DANH SACH UEH'!$A$3:$FE$2228,20,0)),"") | I3: =IFERROR(IF(VLOOKUP(B3,'DANH SACH UEH'!$A$3:$FE$2228,19,0)="Không có","",VLOOKUP(B3,'DANH SACH UEH'!$A$3:$FE$2228,19,0)),"") | J3: =VLOOKUP(B3,'DANH SACH UEH'!$A$3:$FE$2228,6,0) -> 04/07/2008 | K3: =IF(VLOOKUP(B3,'DANH SACH UEH'!$A$3:$FE$2228,5,0)="1","Nữ","Nam") -> Nữ | L3: =VLOOKUP(B3,'DANH SACH UEH'!$A$3:$FE$2228,14,0) -> Kinh | M3: =VLOOKUP(B3,'DANH SACH UEH'!$A$3:$FE$2228,7,0) -> miphg0208@gmail.com | N3: =VLOOKUP(B3,'DANH SACH UEH'!$A$3:$FE$2228,8,0) -> 0948664820 | O3: =IFERROR(VLOOKUP(AE3,'DS TAO MAIL'!$D$3:$M$1120,5,0),"") -> 31261570519 | P3: =IFERROR(VLOOKUP(AE3,'DS TAO MAIL'!$D$3:$M$1120,8,0),"") -> 45355106 | Q3: =IFERROR(VLOOKUP(AE3,'DS TAO MAIL'!$D$3:$M$1120,7,0),"") -> phuongon.31261570519@st.ueh.edu.vn | R3: =IFERROR(VLOOKUP(AE3,'DS TAO MAIL'!$D$3:$M$1120,8,0),"") -> 45355106 | S3: 64.7 | U3: 64.7 | V3: =IFERROR(IF(VLOOKUP(B3,'DANH SACH UEH'!$A$3:$FE$2228,27,0)="Không có","",IF(VLOOKUP(B3,'DANH SACH UEH'!$A$3:$FE$2228,29,0)<"6","",(VLOOKUP(B3,'DANH SACH UEH'!$A$3:$FE$2228,27,0)))),"") -> IELTS | W3: =IFERROR(IF(VLOOKUP(B3,'DANH SACH UEH'!$A$3:$FE$2228,29,0)<"6","",VLOOKUP(B3,'DANH SACH UEH'!$A$3:$FE$2228,29,0)),"") -> 6 | X3: =IFERROR(IF(V3="","",VLOOKUP(B3,'DANH SACH UEH'!$A$3:$FE$2228,28,0)&""),"") -> 09/05/2026 | Z3: =VLOOKUP(B3,'DANH SACH UEH'!$A$3:$FE$2228,44,0) -> 8.00 | AA3: =VLOOKUP(B3,'DANH SACH UEH'!$A$3:$FE$2228,45,0) -> 8.12 | AB3: =VLOOKUP(B3,'DANH SACH UEH'!$A$3:$FE$2228,46,0) -> 8.20 | AE3: =VLOOKUP(B3,'DANH SACH UEH'!$A$3:$I$2229,4,0) -> ÔN MỸ PHƯƠNG | AF3: =VLOOKUP(B3,'DANH SACH UEH'!$A$3:$I$2229,8,0) -> 0948664820
A4: 3 | B4: 087308004435 | C4: =VLOOKUP(B4,'DANH SACH UEH'!$A$3:$FE$2228,2,0) -> KSVBS2649203 | D4: =IFERROR(VLOOKUP(B4,'DS NGHIEP VU BO'!$A$3:$BX$148,6,0),"") -> 82017938 | E4: =VLOOKUP(B4,'DS NGHIEP VU BO'!$A$3:$BX$148,45,0) -> Đồng Tháp | F4: =IF(G4<>"","Giải thưởng kỳ thi chọn học sinh giỏi cấp tỉnh/TP:","") | G4: =IFERROR(IF(VLOOKUP(B4,'DANH SACH UEH'!$A$3:$FE$2228,18,0)="Không có","",VLOOKUP(B4,'DANH SACH UEH'!$A$3:$FE$2228,18,0)),"") | H4: =IFERROR(IF(VLOOKUP(B4,'DANH SACH UEH'!$A$3:$FE$2228,20,0)="Không có","",VLOOKUP(B4,'DANH SACH UEH'!$A$3:$FE$2228,20,0)),"") | I4: =IFERROR(IF(VLOOKUP(B4,'DANH SACH UEH'!$A$3:$FE$2228,19,0)="Không có","",VLOOKUP(B4,'DANH SACH UEH'!$A$3:$FE$2228,19,0)),"") | J4: =VLOOKUP(B4,'DANH SACH UEH'!$A$3:$FE$2228,6,0) -> 03/01/2008 | K4: =IF(VLOOKUP(B4,'DANH SACH UEH'!$A$3:$FE$2228,5,0)="1","Nữ","Nam") -> Nữ | L4: =VLOOKUP(B4,'DANH SACH UEH'!$A$3:$FE$2228,14,0) -> Kinh | M4: =VLOOKUP(B4,'DANH SACH UEH'!$A$3:$FE$2228,7,0) -> manhyangho0301@gmail.com | N4: =VLOOKUP(B4,'DANH SACH UEH'!$A$3:$FE$2228,8,0) -> 0797280837 | O4: =IFERROR(VLOOKUP(AE4,'DS TAO MAIL'!$D$3:$M$1120,5,0),"") -> 31261570480 | P4: =IFERROR(VLOOKUP(AE4,'DS TAO MAIL'!$D$3:$M$1120,8,0),"") -> 60060213 | Q4: =IFERROR(VLOOKUP(AE4,'DS TAO MAIL'!$D$3:$M$1120,7,0),"") -> anhpham.31261570480@st.ueh.edu.vn | R4: =IFERROR(VLOOKUP(AE4,'DS TAO MAIL'!$D$3:$M$1120,8,0),"") -> 60060213 | S4: 79.01 | U4: 76.68 | V4: =IFERROR(IF(VLOOKUP(B4,'DANH SACH UEH'!$A$3:$FE$2228,27,0)="Không có","",IF(VLOOKUP(B4,'DANH SACH UEH'!$A$3:$FE$2228,29,0)<"6","",(VLOOKUP(B4,'DANH SACH UEH'!$A$3:$FE$2228,27,0)))),"") | W4: =IFERROR(IF(VLOOKUP(B4,'DANH SACH UEH'!$A$3:$FE$2228,29,0)<"6","",VLOOKUP(B4,'DANH SACH UEH'!$A$3:$FE$2228,29,0)),"") | X4: =IFERROR(IF(V4="","",VLOOKUP(B4,'DANH SACH UEH'!$A$3:$FE$2228,28,0)&""),"") | Z4: =VLOOKUP(B4,'DANH SACH UEH'!$A$3:$FE$2228,44,0) -> 8.57 | AA4: =VLOOKUP(B4,'DANH SACH UEH'!$A$3:$FE$2228,45,0) -> 8.79 | AB4: =VLOOKUP(B4,'DANH SACH UEH'!$A$3:$FE$2228,46,0) -> 8.81 | AE4: =VLOOKUP(B4,'DANH SACH UEH'!$A$3:$I$2229,4,0) -> PHẠM THỤY TRÂM ANH | AF4: =VLOOKUP(B4,'DANH SACH UEH'!$A$3:$I$2229,8,0) -> 0797280837
A5: 4 | B5: 091208003108 | C5: =VLOOKUP(B5,'DANH SACH UEH'!$A$3:$FE$2228,2,0) -> KSVBS2635356 | D5: =IFERROR(VLOOKUP(B5,'DS NGHIEP VU BO'!$A$3:$BX$148,6,0),"") -> 91020148 | E5: =VLOOKUP(B5,'DS NGHIEP VU BO'!$A$3:$BX$148,45,0) -> An Giang | F5: =IF(G5<>"","Giải thưởng kỳ thi chọn học sinh giỏi cấp tỉnh/TP:","") | G5: =IFERROR(IF(VLOOKUP(B5,'DANH SACH UEH'!$A$3:$FE$2228,18,0)="Không có","",VLOOKUP(B5,'DANH SACH UEH'!$A$3:$FE$2228,18,0)),"") | H5: =IFERROR(IF(VLOOKUP(B5,'DANH SACH UEH'!$A$3:$FE$2228,20,0)="Không có","",VLOOKUP(B5,'DANH SACH UEH'!$A$3:$FE$2228,20,0)),"") | I5: =IFERROR(IF(VLOOKUP(B5,'DANH SACH UEH'!$A$3:$FE$2228,19,0)="Không có","",VLOOKUP(B5,'DANH SACH UEH'!$A$3:$FE$2228,19,0)),"") | J5: =VLOOKUP(B5,'DANH SACH UEH'!$A$3:$FE$2228,6,0) -> 19/06/2008 | K5: =IF(VLOOKUP(B5,'DANH SACH UEH'!$A$3:$FE$2228,5,0)="1","Nữ","Nam") -> Nam | L5: =VLOOKUP(B5,'DANH SACH UEH'!$A$3:$FE$2228,14,0) -> Kinh | M5: =VLOOKUP(B5,'DANH SACH UEH'!$A$3:$FE$2228,7,0) -> huutrong07102022@gmail.com | N5: =VLOOKUP(B5,'DANH SACH UEH'!$A$3:$FE$2228,8,0) -> 0981728059 | O5: =IFERROR(VLOOKUP(AE5,'DS TAO MAIL'!$D$3:$M$1120,5,0),"") -> 31261570537 | P5: =IFERROR(VLOOKUP(AE5,'DS TAO MAIL'!$D$3:$M$1120,8,0),"") -> 63246509 | Q5: =IFERROR(VLOOKUP(AE5,'DS TAO MAIL'!$D$3:$M$1120,7,0),"") -> trongnguyen.31261570537@st.ueh.edu.vn | R5: =IFERROR(VLOOKUP(AE5,'DS TAO MAIL'!$D$3:$M$1120,8,0),"") -> 63246509 | S5: 67.99 | U5: 66.32 | V5: =IFERROR(IF(VLOOKUP(B5,'DANH SACH UEH'!$A$3:$FE$2228,27,0)="Không có","",IF(VLOOKUP(B5,'DANH SACH UEH'!$A$3:$FE$2228,29,0)<"6","",(VLOOKUP(B5,'DANH SACH UEH'!$A$3:$FE$2228,27,0)))),"") | W5: =IFERROR(IF(VLOOKUP(B5,'DANH SACH UEH'!$A$3:$FE$2228,29,0)<"6","",VLOOKUP(B5,'DANH SACH UEH'!$A$3:$FE$2228,29,0)),"") | X5: =IFERROR(IF(V5="","",VLOOKUP(B5,'DANH SACH UEH'!$A$3:$FE$2228,28,0)&""),"") | Z5: =VLOOKUP(B5,'DANH SACH UEH'!$A$3:$FE$2228,44,0) -> 7.10 | AA5: =VLOOKUP(B5,'DANH SACH UEH'!$A$3:$FE$2228,45,0) -> 7.36 | AB5: =VLOOKUP(B5,'DANH SACH UEH'!$A$3:$FE$2228,46,0) -> 8.39 | AE5: =VLOOKUP(B5,'DANH SACH UEH'!$A$3:$I$2229,4,0) -> NGUYỄN HỮU TRỌNG | AF5: =VLOOKUP(B5,'DANH SACH UEH'!$A$3:$I$2229,8,0) -> 0981728059
A6: 5 | B6: 089308002210 | C6: =VLOOKUP(B6,'DANH SACH UEH'!$A$3:$FE$2228,2,0) -> KSVBS2613894 | D6: =IFERROR(VLOOKUP(B6,'DS NGHIEP VU BO'!$A$3:$BX$148,6,0),"") -> 91016468 | E6: =VLOOKUP(B6,'DS NGHIEP VU BO'!$A$3:$BX$148,45,0) -> An Giang | F6: =IF(G6<>"","Giải thưởng kỳ thi chọn học sinh giỏi cấp tỉnh/TP:","") | G6: =IFERROR(IF(VLOOKUP(B6,'DANH SACH UEH'!$A$3:$FE$2228,18,0)="Không có","",VLOOKUP(B6,'DANH SACH UEH'!$A$3:$FE$2228,18,0)),"") | H6: =IFERROR(IF(VLOOKUP(B6,'DANH SACH UEH'!$A$3:$FE$2228,20,0)="Không có","",VLOOKUP(B6,'DANH SACH UEH'!$A$3:$FE$2228,20,0)),"") | I6: =IFERROR(IF(VLOOKUP(B6,'DANH SACH UEH'!$A$3:$FE$2228,19,0)="Không có","",VLOOKUP(B6,'DANH SACH UEH'!$A$3:$FE$2228,19,0)),"") | J6: =VLOOKUP(B6,'DANH SACH UEH'!$A$3:$FE$2228,6,0) -> 03/08/2008 | K6: =IF(VLOOKUP(B6,'DANH SACH UEH'!$A$3:$FE$2228,5,0)="1","Nữ","Nam") -> Nữ | L6: =VLOOKUP(B6,'DANH SACH UEH'!$A$3:$FE$2228,14,0) -> Kinh | M6: =VLOOKUP(B6,'DANH SACH UEH'!$A$3:$FE$2228,7,0) -> tn3188623@gmail.com | N6: =VLOOKUP(B6,'DANH SACH UEH'!$A$3:$FE$2228,8,0) -> 0926814889 | O6: =IFERROR(VLOOKUP(AF6,'DS TAO MAIL'!$A$3:$M$1120,8,0),"") | P6: =IFERROR(VLOOKUP(AF6,'DS TAO MAIL'!$A$3:$M$1120,11,0),"") | Q6: =IFERROR(VLOOKUP(AF6,'DS TAO MAIL'!$A$3:$M$1120,10,0),"") | R6: =IFERROR(VLOOKUP(AF6,'DS TAO MAIL'!$A$3:$M$1120,11,0),"") | S6: 63.13 | U6: 61.46 | V6: =IFERROR(IF(VLOOKUP(B6,'DANH SACH UEH'!$A$3:$FE$2228,27,0)="Không có","",IF(VLOOKUP(B6,'DANH SACH UEH'!$A$3:$FE$2228,29,0)<"6","",(VLOOKUP(B6,'DANH SACH UEH'!$A$3:$FE$2228,27,0)))),"") | W6: =IFERROR(IF(VLOOKUP(B6,'DANH SACH UEH'!$A$3:$FE$2228,29,0)<"6","",VLOOKUP(B6,'DANH SACH UEH'!$A$3:$FE$2228,29,0)),"") | X6: =IFERROR(IF(V6="","",VLOOKUP(B6,'DANH SACH UEH'!$A$3:$FE$2228,28,0)&""),"") | Z6: =VLOOKUP(B6,'DANH SACH UEH'!$A$3:$FE$2228,44,0) -> 7.96 | AA6: =VLOOKUP(B6,'DANH SACH UEH'!$A$3:$FE$2228,45,0) -> 8.14 | AB6: =VLOOKUP(B6,'DANH SACH UEH'!$A$3:$FE$2228,46,0) -> 8.44 | AE6: =VLOOKUP(B6,'DANH SACH UEH'!$A$3:$I$2229,4,0) -> NGUYỄN NGỌC MINH THƯ | AF6: =VLOOKUP(B6,'DANH SACH UEH'!$A$3:$I$2229,8,0) -> 0926814889
A7: 6 | B7: 083308007749 | C7: =VLOOKUP(B7,'DANH SACH UEH'!$A$3:$FE$2228,2,0) -> KSVBS2634521 | D7: =IFERROR(VLOOKUP(B7,'DS NGHIEP VU BO'!$A$3:$BX$148,6,0),"") -> 86004072 | E7: =VLOOKUP(B7,'DS NGHIEP VU BO'!$A$3:$BX$148,45,0) -> Vĩnh Long | F7: =IF(G7<>"","Giải thưởng kỳ thi chọn học sinh giỏi cấp tỉnh/TP:","") | G7: =IFERROR(IF(VLOOKUP(B7,'DANH SACH UEH'!$A$3:$FE$2228,18,0)="Không có","",VLOOKUP(B7,'DANH SACH UEH'!$A$3:$FE$2228,18,0)),"") | H7: =IFERROR(IF(VLOOKUP(B7,'DANH SACH UEH'!$A$3:$FE$2228,20,0)="Không có","",VLOOKUP(B7,'DANH SACH UEH'!$A$3:$FE$2228,20,0)),"") | I7: =IFERROR(IF(VLOOKUP(B7,'DANH SACH UEH'!$A$3:$FE$2228,19,0)="Không có","",VLOOKUP(B7,'DANH SACH UEH'!$A$3:$FE$2228,19,0)),"") | J7: =VLOOKUP(B7,'DANH SACH UEH'!$A$3:$FE$2228,6,0) -> 26/02/2008 | K7: =IF(VLOOKUP(B7,'DANH SACH UEH'!$A$3:$FE$2228,5,0)="1","Nữ","Nam") -> Nữ | L7: =VLOOKUP(B7,'DANH SACH UEH'!$A$3:$FE$2228,14,0) -> Kinh | M7: =VLOOKUP(B7,'DANH SACH UEH'!$A$3:$FE$2228,7,0) -> peklinh2602@gmail.com | N7: =VLOOKUP(B7,'DANH SACH UEH'!$A$3:$FE$2228,8,0) -> 0862590198 | O7: =IFERROR(VLOOKUP(AE7,'DS TAO MAIL'!$D$3:$M$1120,5,0),"") | P7: =IFERROR(VLOOKUP(AE7,'DS TAO MAIL'!$D$3:$M$1120,8,0),"") | Q7: =IFERROR(VLOOKUP(AE7,'DS TAO MAIL'!$D$3:$M$1120,7,0),"") | R7: =IFERROR(VLOOKUP(AE7,'DS TAO MAIL'!$D$3:$M$1120,8,0),"") | S7: 67.71 | U7: 66.04 | V7: =IFERROR(IF(VLOOKUP(B7,'DANH SACH UEH'!$A$3:$FE$2228,27,0)="Không có","",IF(VLOOKUP(B7,'DANH SACH UEH'!$A$3:$FE$2228,29,0)<"6","",(VLOOKUP(B7,'DANH SACH UEH'!$A$3:$FE$2228,27,0)))),"") | W7: =IFERROR(IF(VLOOKUP(B7,'DANH SACH UEH'!$A$3:$FE$2228,29,0)<"6","",VLOOKUP(B7,'DANH SACH UEH'!$A$3:$FE$2228,29,0)),"") | X7: =IFERROR(IF(V7="","",VLOOKUP(B7,'DANH SACH UEH'!$A$3:$FE$2228,28,0)&""),"") | Z7: =VLOOKUP(B7,'DANH SACH UEH'!$A$3:$FE$2228,44,0) -> 8.46 | AA7: =VLOOKUP(B7,'DANH SACH UEH'!$A$3:$FE$2228,45,0) -> 9.47 | AB7: =VLOOKUP(B7,'DANH SACH UEH'!$A$3:$FE$2228,46,0) -> 9.40 | AE7: =VLOOKUP(B7,'DANH SACH UEH'!$A$3:$I$2229,4,0) -> TÔ THỊ ÁNH LINH | AF7: =VLOOKUP(B7,'DANH SACH UEH'!$A$3:$I$2229,8,0) -> 0862590198
A8: 7 | B8: 086308009238 | C8: =VLOOKUP(B8,'DANH SACH UEH'!$A$3:$FE$2228,2,0) -> KSVBS2631718 | D8: =IFERROR(VLOOKUP(B8,'DS NGHIEP VU BO'!$A$3:$BX$148,6,0),"") -> 86015817 | E8: =VLOOKUP(B8,'DS NGHIEP VU BO'!$A$3:$BX$148,45,0) -> Vĩnh Long | F8: =IF(G8<>"","Giải thưởng kỳ thi chọn học sinh giỏi cấp tỉnh/TP:","") | G8: =IFERROR(IF(VLOOKUP(B8,'DANH SACH UEH'!$A$3:$FE$2228,18,0)="Không có","",VLOOKUP(B8,'DANH SACH UEH'!$A$3:$FE$2228,18,0)),"") | H8: =IFERROR(IF(VLOOKUP(B8,'DANH SACH UEH'!$A$3:$FE$2228,20,0)="Không có","",VLOOKUP(B8,'DANH SACH UEH'!$A$3:$FE$2228,20,0)),"") | I8: =IFERROR(IF(VLOOKUP(B8,'DANH SACH UEH'!$A$3:$FE$2228,19,0)="Không có","",VLOOKUP(B8,'DANH SACH UEH'!$A$3:$FE$2228,19,0)),"") | J8: =VLOOKUP(B8,'DANH SACH UEH'!$A$3:$FE$2228,6,0) -> 27/07/2008 | K8: =IF(VLOOKUP(B8,'DANH SACH UEH'!$A$3:$FE$2228,5,0)="1","Nữ","Nam") -> Nữ | L8: =VLOOKUP(B8,'DANH SACH UEH'!$A$3:$FE$2228,14,0) -> Kinh | M8: =VLOOKUP(B8,'DANH SACH UEH'!$A$3:$FE$2228,7,0) -> phucanle171913@gmail.com | N8: =VLOOKUP(B8,'DANH SACH UEH'!$A$3:$FE$2228,8,0) -> 0792398749 | O8: =IFERROR(VLOOKUP(AE8,'DS TAO MAIL'!$D$3:$M$1120,5,0),"") -> 31261570423 | P8: =IFERROR(VLOOKUP(AE8,'DS TAO MAIL'!$D$3:$M$1120,8,0),"") -> 60441217 | Q8: =IFERROR(VLOOKUP(AE8,'DS TAO MAIL'!$D$3:$M$1120,7,0),"") -> anle.31261570423@st.ueh.edu.vn | R8: =IFERROR(VLOOKUP(AE8,'DS TAO MAIL'!$D$3:$M$1120,8,0),"") -> 60441217 | S8: 88.94 | U8: 88.94 | V8: =IFERROR(IF(VLOOKUP(B8,'DANH SACH UEH'!$A$3:$FE$2228,27,0)="Không có","",IF(VLOOKUP(B8,'DANH SACH UEH'!$A$3:$FE$2228,29,0)<"6","",(VLOOKUP(B8,'DANH SACH UEH'!$A$3:$FE$2228,27,0)))),"") | W8: =IFERROR(IF(VLOOKUP(B8,'DANH SACH UEH'!$A$3:$FE$2228,29,0)<"6","",VLOOKUP(B8,'DANH SACH UEH'!$A$3:$FE$2228,29,0)),"") | X8: =IFERROR(IF(V8="","",VLOOKUP(B8,'DANH SACH UEH'!$A$3:$FE$2228,28,0)&""),"") | Z8: =VLOOKUP(B8,'DANH SACH UEH'!$A$3:$FE$2228,44,0) -> 8.47 | AA8: =VLOOKUP(B8,'DANH SACH UEH'!$A$3:$FE$2228,45,0) -> 8.60 | AB8: =VLOOKUP(B8,'DANH SACH UEH'!$A$3:$FE$2228,46,0) -> 8.64 | AE8: =VLOOKUP(B8,'DANH SACH UEH'!$A$3:$I$2229,4,0) -> LÊ PHÚC AN | AF8: =VLOOKUP(B8,'DANH SACH UEH'!$A$3:$I$2229,8,0) -> 0792398749
A9: 8 | B9: 086308006995 | C9: =VLOOKUP(B9,'DANH SACH UEH'!$A$3:$FE$2228,2,0) -> KSVBS2631682 | D9: =IFERROR(VLOOKUP(B9,'DS NGHIEP VU BO'!$A$3:$BX$148,6,0),"") -> 92014084 | E9: =VLOOKUP(B9,'DS NGHIEP VU BO'!$A$3:$BX$148,45,0) -> Vĩnh Long | F9: =IF(G9<>"","Giải thưởng kỳ thi chọn học sinh giỏi cấp tỉnh/TP:","") | G9: =IFERROR(IF(VLOOKUP(B9,'DANH SACH UEH'!$A$3:$FE$2228,18,0)="Không có","",VLOOKUP(B9,'DANH SACH UEH'!$A$3:$FE$2228,18,0)),"") | H9: =IFERROR(IF(VLOOKUP(B9,'DANH SACH UEH'!$A$3:$FE$2228,20,0)="Không có","",VLOOKUP(B9,'DANH SACH UEH'!$A$3:$FE$2228,20,0)),"") | I9: =IFERROR(IF(VLOOKUP(B9,'DANH SACH UEH'!$A$3:$FE$2228,19,0)="Không có","",VLOOKUP(B9,'DANH SACH UEH'!$A$3:$FE$2228,19,0)),"") | J9: =VLOOKUP(B9,'DANH SACH UEH'!$A$3:$FE$2228,6,0) -> 23/10/2008 | K9: =IF(VLOOKUP(B9,'DANH SACH UEH'!$A$3:$FE$2228,5,0)="1","Nữ","Nam") -> Nữ | L9: =VLOOKUP(B9,'DANH SACH UEH'!$A$3:$FE$2228,14,0) -> Kinh | M9: =VLOOKUP(B9,'DANH SACH UEH'!$A$3:$FE$2228,7,0) -> minhnguyetnguyenquoc@gmail.com | N9: =VLOOKUP(B9,'DANH SACH UEH'!$A$3:$FE$2228,8,0) -> 0846578578 | O9: =IFERROR(VLOOKUP(AE9,'DS TAO MAIL'!$D$3:$M$1120,5,0),"") -> 31261570502 | P9: =IFERROR(VLOOKUP(AE9,'DS TAO MAIL'!$D$3:$M$1120,8,0),"") -> 97481732 | Q9: =IFERROR(VLOOKUP(AE9,'DS TAO MAIL'!$D$3:$M$1120,7,0),"") -> nguyetnguyen.31261570502@st.ueh.edu.vn | R9: =IFERROR(VLOOKUP(AE9,'DS TAO MAIL'!$D$3:$M$1120,8,0),"") -> 97481732 | S9: 64.47 | U9: 63.64 | V9: =IFERROR(IF(VLOOKUP(B9,'DANH SACH UEH'!$A$3:$FE$2228,27,0)="Không có","",IF(VLOOKUP(B9,'DANH SACH UEH'!$A$3:$FE$2228,29,0)<"6","",(VLOOKUP(B9,'DANH SACH UEH'!$A$3:$FE$2228,27,0)))),"") | W9: =IFERROR(IF(VLOOKUP(B9,'DANH SACH UEH'!$A$3:$FE$2228,29,0)<"6","",VLOOKUP(B9,'DANH SACH UEH'!$A$3:$FE$2228,29,0)),"") | X9: =IFERROR(IF(V9="","",VLOOKUP(B9,'DANH SACH UEH'!$A$3:$FE$2228,28,0)&""),"") | Z9: =VLOOKUP(B9,'DANH SACH UEH'!$A$3:$FE$2228,44,0) -> 8.38 | AA9: =VLOOKUP(B9,'DANH SACH UEH'!$A$3:$FE$2228,45,0) -> 8.67 | AB9: =VLOOKUP(B9,'DANH SACH UEH'!$A$3:$FE$2228,46,0) -> 8.52 | AE9: =VLOOKUP(B9,'DANH SACH UEH'!$A$3:$I$2229,4,0) -> NGUYỄN QUỐC MINH NGUYỆT | AF9: =VLOOKUP(B9,'DANH SACH UEH'!$A$3:$I$2229,8,0) -> 0846578578
A10: 9 | B10: 086208000490 | C10: =VLOOKUP(B10,'DANH SACH UEH'!$A$3:$FE$2228,2,0) -> KSVBS2648154 | D10: =IFERROR(VLOOKUP(B10,'DS NGHIEP VU BO'!$A$3:$BX$148,6,0),"") -> 86022423 | E10: =VLOOKUP(B10,'DS NGHIEP VU BO'!$A$3:$BX$148,45,0) -> Vĩnh Long | F10: =IF(G10<>"","Giải thưởng kỳ thi chọn học sinh giỏi cấp tỉnh/TP:","") | G10: =IFERROR(IF(VLOOKUP(B10,'DANH SACH UEH'!$A$3:$FE$2228,18,0)="Không có","",VLOOKUP(B10,'DANH SACH UEH'!$A$3:$FE$2228,18,0)),"") | H10: =IFERROR(IF(VLOOKUP(B10,'DANH SACH UEH'!$A$3:$FE$2228,20,0)="Không có","",VLOOKUP(B10,'DANH SACH UEH'!$A$3:$FE$2228,20,0)),"") | I10: =IFERROR(IF(VLOOKUP(B10,'DANH SACH UEH'!$A$3:$FE$2228,19,0)="Không có","",VLOOKUP(B10,'DANH SACH UEH'!$A$3:$FE$2228,19,0)),"") | J10: =VLOOKUP(B10,'DANH SACH UEH'!$A$3:$FE$2228,6,0) -> 17/07/2008 | K10: =IF(VLOOKUP(B10,'DANH SACH UEH'!$A$3:$FE$2228,5,0)="1","Nữ","Nam") -> Nam | L10: =VLOOKUP(B10,'DANH SACH UEH'!$A$3:$FE$2228,14,0) -> Kinh | M10: =VLOOKUP(B10,'DANH SACH UEH'!$A$3:$FE$2228,7,0) -> luongnguyen.dat2008@gmail.com | N10: =VLOOKUP(B10,'DANH SACH UEH'!$A$3:$FE$2228,8,0) -> 0907370129 | O10: =IFERROR(VLOOKUP(AE10,'DS TAO MAIL'!$D$3:$M$1120,5,0),"") -> 31261570467 | P10: =IFERROR(VLOOKUP(AE10,'DS TAO MAIL'!$D$3:$M$1120,8,0),"") -> 24167667 | Q10: =IFERROR(VLOOKUP(AE10,'DS TAO MAIL'!$D$3:$M$1120,7,0),"") -> datluong.31261570467@st.ueh.edu.vn | R10: =IFERROR(VLOOKUP(AE10,'DS TAO MAIL'!$D$3:$M$1120,8,0),"") -> 24167667 | S10: 77.51 | U10: 68.34 | V10: =IFERROR(IF(VLOOKUP(B10,'DANH SACH UEH'!$A$3:$FE$2228,27,0)="Không có","",IF(VLOOKUP(B10,'DANH SACH UEH'!$A$3:$FE$2228,29,0)<"6","",(VLOOKUP(B10,'DANH SACH UEH'!$A$3:$FE$2228,27,0)))),"") | W10: =IFERROR(IF(VLOOKUP(B10,'DANH SACH UEH'!$A$3:$FE$2228,29,0)<"6","",VLOOKUP(B10,'DANH SACH UEH'!$A$3:$FE$2228,29,0)),"") | X10: =IFERROR(IF(V10="","",VLOOKUP(B10,'DANH SACH UEH'!$A$3:$FE$2228,28,0)&""),"") | Z10: =VLOOKUP(B10,'DANH SACH UEH'!$A$3:$FE$2228,44,0) -> 8.33 | AA10: =VLOOKUP(B10,'DANH SACH UEH'!$A$3:$FE$2228,45,0) -> 8.38 | AB10: =VLOOKUP(B10,'DANH SACH UEH'!$A$3:$FE$2228,46,0) -> 8.91 | AE10: =VLOOKUP(B10,'DANH SACH UEH'!$A$3:$I$2229,4,0) -> LƯƠNG NGUYỄN ĐẠT | AF10: =VLOOKUP(B10,'DANH SACH UEH'!$A$3:$I$2229,8,0) -> 0907370129
A11: 10 | B11: 083308010347 | C11: =VLOOKUP(B11,'DANH SACH UEH'!$A$3:$FE$2228,2,0) -> KSVBS2642750 | D11: =IFERROR(VLOOKUP(B11,'DS NGHIEP VU BO'!$A$3:$BX$148,6,0),"") -> 86011382 | E11: =VLOOKUP(B11,'DS NGHIEP VU BO'!$A$3:$BX$148,45,0) -> Vĩnh Long | F11: =IF(G11<>"","Giải thưởng kỳ thi chọn học sinh giỏi cấp tỉnh/TP:","") | G11: =IFERROR(IF(VLOOKUP(B11,'DANH SACH UEH'!$A$3:$FE$2228,18,0)="Không có","",VLOOKUP(B11,'DANH SACH UEH'!$A$3:$FE$2228,18,0)),"") | H11: =IFERROR(IF(VLOOKUP(B11,'DANH SACH UEH'!$A$3:$FE$2228,20,0)="Không có","",VLOOKUP(B11,'DANH SACH UEH'!$A$3:$FE$2228,20,0)),"") | I11: =IFERROR(IF(VLOOKUP(B11,'DANH SACH UEH'!$A$3:$FE$2228,19,0)="Không có","",VLOOKUP(B11,'DANH SACH UEH'!$A$3:$FE$2228,19,0)),"") | J11: =VLOOKUP(B11,'DANH SACH UEH'!$A$3:$FE$2228,6,0) -> 29/08/2008 | K11: =IF(VLOOKUP(B11,'DANH SACH UEH'!$A$3:$FE$2228,5,0)="1","Nữ","Nam") -> Nữ | L11: =VLOOKUP(B11,'DANH SACH UEH'!$A$3:$FE$2228,14,0) -> Kinh | M11: =VLOOKUP(B11,'DANH SACH UEH'!$A$3:$FE$2228,7,0) -> jinshu2908@gmail.com | N11: =VLOOKUP(B11,'DANH SACH UEH'!$A$3:$FE$2228,8,0) -> 0397288421 | O11: =IFERROR(VLOOKUP(AE11,'DS TAO MAIL'!$D$3:$M$1120,5,0),"") -> 31261570489 | P11: =IFERROR(VLOOKUP(AE11,'DS TAO MAIL'!$D$3:$M$1120,8,0),"") -> 51770313 | Q11: =IFERROR(VLOOKUP(AE11,'DS TAO MAIL'!$D$3:$M$1120,7,0),"") -> thunguyen.31261570489@st.ueh.edu.vn | R11: =IFERROR(VLOOKUP(AE11,'DS TAO MAIL'!$D$3:$M$1120,8,0),"") -> 51770313 | S11: 84.64 | U11: 83.54 | V11: =IFERROR(IF(VLOOKUP(B11,'DANH SACH UEH'!$A$3:$FE$2228,27,0)="Không có","",IF(VLOOKUP(B11,'DANH SACH UEH'!$A$3:$FE$2228,29,0)<"6","",(VLOOKUP(B11,'DANH SACH UEH'!$A$3:$FE$2228,27,0)))),"") | W11: =IFERROR(IF(VLOOKUP(B11,'DANH SACH UEH'!$A$3:$FE$2228,29,0)<"6","",VLOOKUP(B11,'DANH SACH UEH'!$A$3:$FE$2228,29,0)),"") | X11: =IFERROR(IF(V11="","",VLOOKUP(B11,'DANH SACH UEH'!$A$3:$FE$2228,28,0)&""),"") | Z11: =VLOOKUP(B11,'DANH SACH UEH'!$A$3:$FE$2228,44,0) -> 8.19 | AA11: =VLOOKUP(B11,'DANH SACH UEH'!$A$3:$FE$2228,45,0) -> 8.07 | AB11: =VLOOKUP(B11,'DANH SACH UEH'!$A$3:$FE$2228,46,0) -> 9.04 | AE11: =VLOOKUP(B11,'DANH SACH UEH'!$A$3:$I$2229,4,0) -> NGUYỄN THỊ KIM THƯ | AF11: =VLOOKUP(B11,'DANH SACH UEH'!$A$3:$I$2229,8,0) -> 0397288421
A12: 11 | B12: 083308001521 | C12: =VLOOKUP(B12,'DANH SACH UEH'!$A$3:$FE$2228,2,0) -> KSVBS2636260 | D12: =IFERROR(VLOOKUP(B12,'DS NGHIEP VU BO'!$A$3:$BX$148,6,0),"") -> 86004583 | E12: =VLOOKUP(B12,'DS NGHIEP VU BO'!$A$3:$BX$148,45,0) -> Vĩnh Long | F12: =IF(G12<>"","Giải thưởng kỳ thi chọn học sinh giỏi cấp tỉnh/TP:","") | G12: =IFERROR(IF(VLOOKUP(B12,'DANH SACH UEH'!$A$3:$FE$2228,18,0)="Không có","",VLOOKUP(B12,'DANH SACH UEH'!$A$3:$FE$2228,18,0)),"") | H12: =IFERROR(IF(VLOOKUP(B12,'DANH SACH UEH'!$A$3:$FE$2228,20,0)="Không có","",VLOOKUP(B12,'DANH SACH UEH'!$A$3:$FE$2228,20,0)),"") | I12: =IFERROR(IF(VLOOKUP(B12,'DANH SACH UEH'!$A$3:$FE$2228,19,0)="Không có","",VLOOKUP(B12,'DANH SACH UEH'!$A$3:$FE$2228,19,0)),"") | J12: =VLOOKUP(B12,'DANH SACH UEH'!$A$3:$FE$2228,6,0) -> 03/12/2008 | K12: =IF(VLOOKUP(B12,'DANH SACH UEH'!$A$3:$FE$2228,5,0)="1","Nữ","Nam") -> Nữ | L12: =VLOOKUP(B12,'DANH SACH UEH'!$A$3:$FE$2228,14,0) -> Kinh | M12: =VLOOKUP(B12,'DANH SACH UEH'!$A$3:$FE$2228,7,0) -> dgngocmy08@gmail.com | N12: =VLOOKUP(B12,'DANH SACH UEH'!$A$3:$FE$2228,8,0) -> 0788894298 | O12: =IFERROR(VLOOKUP(AE12,'DS TAO MAIL'!$D$3:$M$1120,5,0),"") | P12: =IFERROR(VLOOKUP(AE12,'DS TAO MAIL'!$D$3:$M$1120,8,0),"") | Q12: =IFERROR(VLOOKUP(AE12,'DS TAO MAIL'!$D$3:$M$1120,7,0),"") | R12: =IFERROR(VLOOKUP(AE12,'DS TAO MAIL'!$D$3:$M$1120,8,0),"") | S12: 73.95 | U12: 72.28 | V12: =IFERROR(IF(VLOOKUP(B12,'DANH SACH UEH'!$A$3:$FE$2228,27,0)="Không có","",IF(VLOOKUP(B12,'DANH SACH UEH'!$A$3:$FE$2228,29,0)<"6","",(VLOOKUP(B12,'DANH SACH UEH'!$A$3:$FE$2228,27,0)))),"") | W12: =IFERROR(IF(VLOOKUP(B12,'DANH SACH UEH'!$A$3:$FE$2228,29,0)<"6","",VLOOKUP(B12,'DANH SACH UEH'!$A$3:$FE$2228,29,0)),"") | X12: =IFERROR(IF(V12="","",VLOOKUP(B12,'DANH SACH UEH'!$A$3:$FE$2228,28,0)&""),"") | Z12: =VLOOKUP(B12,'DANH SACH UEH'!$A$3:$FE$2228,44,0) -> 8.11 | AA12: =VLOOKUP(B12,'DANH SACH UEH'!$A$3:$FE$2228,45,0) -> 8.40 | AB12: =VLOOKUP(B12,'DANH SACH UEH'!$A$3:$FE$2228,46,0) -> 8.48 | AE12: =VLOOKUP(B12,'DANH SACH UEH'!$A$3:$I$2229,4,0) -> ĐẶNG NGỌC MỸ | AF12: =VLOOKUP(B12,'DANH SACH UEH'!$A$3:$I$2229,8,0) -> 0788894298
A13: 12 | B13: 082208015752 | C13: =VLOOKUP(B13,'DANH SACH UEH'!$A$3:$FE$2228,2,0) -> KSVBS2624777 | D13: =IFERROR(VLOOKUP(B13,'DS NGHIEP VU BO'!$A$3:$BX$148,6,0),"") -> 82019636 | E13: =VLOOKUP(B13,'DS NGHIEP VU BO'!$A$3:$BX$148,45,0) -> Đồng Tháp | F13: =IF(G13<>"","Giải thưởng kỳ thi chọn học sinh giỏi cấp tỉnh/TP:","") | G13: =IFERROR(IF(VLOOKUP(B13,'DANH SACH UEH'!$A$3:$FE$2228,18,0)="Không có","",VLOOKUP(B13,'DANH SACH UEH'!$A$3:$FE$2228,18,0)),"") | H13: =IFERROR(IF(VLOOKUP(B13,'DANH SACH UEH'!$A$3:$FE$2228,20,0)="Không có","",VLOOKUP(B13,'DANH SACH UEH'!$A$3:$FE$2228,20,0)),"") | I13: =IFERROR(IF(VLOOKUP(B13,'DANH SACH UEH'!$A$3:$FE$2228,19,0)="Không có","",VLOOKUP(B13,'DANH SACH UEH'!$A$3:$FE$2228,19,0)),"") | J13: =VLOOKUP(B13,'DANH SACH UEH'!$A$3:$FE$2228,6,0) -> 26/10/2008 | K13: =IF(VLOOKUP(B13,'DANH SACH UEH'!$A$3:$FE$2228,5,0)="1","Nữ","Nam") -> Nam | L13: =VLOOKUP(B13,'DANH SACH UEH'!$A$3:$FE$2228,14,0) -> Kinh | M13: =VLOOKUP(B13,'DANH SACH UEH'!$A$3:$FE$2228,7,0) -> nguyenphuhao.official@gmail.com | N13: =VLOOKUP(B13,'DANH SACH UEH'!$A$3:$FE$2228,8,0) -> 0333690063 | O13: =IFERROR(VLOOKUP(AE13,'DS TAO MAIL'!$D$3:$M$1120,5,0),"") -> 31261570428 | P13: =IFERROR(VLOOKUP(AE13,'DS TAO MAIL'!$D$3:$M$1120,8,0),"") -> 50849878 | Q13: =IFERROR(VLOOKUP(AE13,'DS TAO MAIL'!$D$3:$M$1120,7,0),"") -> haonguyen.31261570428@st.ueh.edu.vn | R13: =IFERROR(VLOOKUP(AE13,'DS TAO MAIL'!$D$3:$M$1120,8,0),"") -> 50849878 | S13: 68.39 | U13: 67.56 | V13: =IFERROR(IF(VLOOKUP(B13,'DANH SACH UEH'!$A$3:$FE$2228,27,0)="Không có","",IF(VLOOKUP(B13,'DANH SACH UEH'!$A$3:$FE$2228,29,0)<"6","",(VLOOKUP(B13,'DANH SACH UEH'!$A$3:$FE$2228,27,0)))),"") | W13: =IFERROR(IF(VLOOKUP(B13,'DANH SACH UEH'!$A$3:$FE$2228,29,0)<"6","",VLOOKUP(B13,'DANH SACH UEH'!$A$3:$FE$2228,29,0)),"") | X13: =IFERROR(IF(V13="","",VLOOKUP(B13,'DANH SACH UEH'!$A$3:$FE$2228,28,0)&""),"") | Z13: =VLOOKUP(B13,'DANH SACH UEH'!$A$3:$FE$2228,44,0) -> 8.51 | AA13: =VLOOKUP(B13,'DANH SACH UEH'!$A$3:$FE$2228,45,0) -> 7.99 | AB13: =VLOOKUP(B13,'DANH SACH UEH'!$A$3:$FE$2228,46,0) -> 7.86 | AE13: =VLOOKUP(B13,'DANH SACH UEH'!$A$3:$I$2229,4,0) -> NGUYỄN PHÚ HÀO | AF13: =VLOOKUP(B13,'DANH SACH UEH'!$A$3:$I$2229,8,0) -> 0333690063
A14: 13 | B14: 079208042443 | C14: =VLOOKUP(B14,'DANH SACH UEH'!$A$3:$FE$2228,2,0) -> KSVBS2613705 | D14: =IFERROR(VLOOKUP(B14,'DS NGHIEP VU BO'!$A$3:$BX$148,6,0),"") -> 79006690 | E14: =VLOOKUP(B14,'DS NGHIEP VU BO'!$A$3:$BX$148,45,0) -> Tp. Hồ Chí Minh | F14: =IF(G14<>"","Giải thưởng kỳ thi chọn học sinh giỏi cấp tỉnh/TP:","") | G14: =IFERROR(IF(VLOOKUP(B14,'DANH SACH UEH'!$A$3:$FE$2228,18,0)="Không có","",VLOOKUP(B14,'DANH SACH UEH'!$A$3:$FE$2228,18,0)),"") | H14: =IFERROR(IF(VLOOKUP(B14,'DANH SACH UEH'!$A$3:$FE$2228,20,0)="Không có","",VLOOKUP(B14,'DANH SACH UEH'!$A$3:$FE$2228,20,0)),"") | I14: =IFERROR(IF(VLOOKUP(B14,'DANH SACH UEH'!$A$3:$FE$2228,19,0)="Không có","",VLOOKUP(B14,'DANH SACH UEH'!$A$3:$FE$2228,19,0)),"") | J14: =VLOOKUP(B14,'DANH SACH UEH'!$A$3:$FE$2228,6,0) -> 24/06/2008 | K14: =IF(VLOOKUP(B14,'DANH SACH UEH'!$A$3:$FE$2228,5,0)="1","Nữ","Nam") -> Nam | L14: =VLOOKUP(B14,'DANH SACH UEH'!$A$3:$FE$2228,14,0) -> Kinh | M14: =VLOOKUP(B14,'DANH SACH UEH'!$A$3:$FE$2228,7,0) -> huylebron123@gmail.com | N14: =VLOOKUP(B14,'DANH SACH UEH'!$A$3:$FE$2228,8,0) -> 0364155601 | O14: =IFERROR(VLOOKUP(AF14,'DS TAO MAIL'!$A$3:$M$1120,8,0),"") | P14: =IFERROR(VLOOKUP(AF14,'DS TAO MAIL'!$A$3:$M$1120,11,0),"") | Q14: =IFERROR(VLOOKUP(AF14,'DS TAO MAIL'!$A$3:$M$1120,10,0),"") | R14: =IFERROR(VLOOKUP(AF14,'DS TAO MAIL'!$A$3:$M$1120,11,0),"") | S14: 80.56 | U14: 78.4 | V14: =IFERROR(IF(VLOOKUP(B14,'DANH SACH UEH'!$A$3:$FE$2228,27,0)="Không có","",IF(VLOOKUP(B14,'DANH SACH UEH'!$A$3:$FE$2228,29,0)<"6","",(VLOOKUP(B14,'DANH SACH UEH'!$A$3:$FE$2228,27,0)))),"") -> IELTS | W14: =IFERROR(IF(VLOOKUP(B14,'DANH SACH UEH'!$A$3:$FE$2228,29,0)<"6","",VLOOKUP(B14,'DANH SACH UEH'!$A$3:$FE$2228,29,0)),"") -> 7 | X14: =IFERROR(IF(V14="","",VLOOKUP(B14,'DANH SACH UEH'!$A$3:$FE$2228,28,0)&""),"") -> 07/09/2025 | Z14: =VLOOKUP(B14,'DANH SACH UEH'!$A$3:$FE$2228,44,0) -> 9.00 | AA14: =VLOOKUP(B14,'DANH SACH UEH'!$A$3:$FE$2228,45,0) -> 9.18 | AB14: =VLOOKUP(B14,'DANH SACH UEH'!$A$3:$FE$2228,46,0) -> 8.87 | AE14: =VLOOKUP(B14,'DANH SACH UEH'!$A$3:$I$2229,4,0) -> HUỲNH MINH HUY | AF14: =VLOOKUP(B14,'DANH SACH UEH'!$A$3:$I$2229,8,0) -> 0364155601
A15: 14 | B15: 072308010254 | C15: =VLOOKUP(B15,'DANH SACH UEH'!$A$3:$FE$2228,2,0) -> KSVBS2610852 | D15: =IFERROR(VLOOKUP(B15,'DS NGHIEP VU BO'!$A$3:$BX$148,6,0),"") -> 80018209 | E15: =VLOOKUP(B15,'DS NGHIEP VU BO'!$A$3:$BX$148,45,0) -> Tây Ninh | F15: =IF(G15<>"","Giải thưởng kỳ thi chọn học sinh giỏi cấp tỉnh/TP:","") | G15: =IFERROR(IF(VLOOKUP(B15,'DANH SACH UEH'!$A$3:$FE$2228,18,0)="Không có","",VLOOKUP(B15,'DANH SACH UEH'!$A$3:$FE$2228,18,0)),"") | H15: =IFERROR(IF(VLOOKUP(B15,'DANH SACH UEH'!$A$3:$FE$2228,20,0)="Không có","",VLOOKUP(B15,'DANH SACH UEH'!$A$3:$FE$2228,20,0)),"") | I15: =IFERROR(IF(VLOOKUP(B15,'DANH SACH UEH'!$A$3:$FE$2228,19,0)="Không có","",VLOOKUP(B15,'DANH SACH UEH'!$A$3:$FE$2228,19,0)),"") | J15: =VLOOKUP(B15,'DANH SACH UEH'!$A$3:$FE$2228,6,0) -> 26/08/2008 | K15: =IF(VLOOKUP(B15,'DANH SACH UEH'!$A$3:$FE$2228,5,0)="1","Nữ","Nam") -> Nam | L15: =VLOOKUP(B15,'DANH SACH UEH'!$A$3:$FE$2228,14,0) -> Kinh | M15: =VLOOKUP(B15,'DANH SACH UEH'!$A$3:$FE$2228,7,0) -> lethanhnga.tn2020@gmail.com | N15: =VLOOKUP(B15,'DANH SACH UEH'!$A$3:$FE$2228,8,0) -> 0929499740 | O15: =IFERROR(VLOOKUP(AE15,'DS TAO MAIL'!$D$3:$M$1120,5,0),"") -> 31261570452 | P15: =IFERROR(VLOOKUP(AE15,'DS TAO MAIL'!$D$3:$M$1120,8,0),"") -> 51079038 | Q15: =IFERROR(VLOOKUP(AE15,'DS TAO MAIL'!$D$3:$M$1120,7,0),"") -> hannguyen.31261570452@st.ueh.edu.vn | R15: =IFERROR(VLOOKUP(AE15,'DS TAO MAIL'!$D$3:$M$1120,8,0),"") -> 51079038 | S15: 78.46 | U15: 77.72 | V15: =IFERROR(IF(VLOOKUP(B15,'DANH SACH UEH'!$A$3:$FE$2228,27,0)="Không có","",IF(VLOOKUP(B15,'DANH SACH UEH'!$A$3:$FE$2228,29,0)<"6","",(VLOOKUP(B15,'DANH SACH UEH'!$A$3:$FE$2228,27,0)))),"") | W15: =IFERROR(IF(VLOOKUP(B15,'DANH SACH UEH'!$A$3:$FE$2228,29,0)<"6","",VLOOKUP(B15,'DANH SACH UEH'!$A$3:$FE$2228,29,0)),"") | X15: =IFERROR(IF(V15="","",VLOOKUP(B15,'DANH SACH UEH'!$A$3:$FE$2228,28,0)&""),"") | Z15: =VLOOKUP(B15,'DANH SACH UEH'!$A$3:$FE$2228,44,0) -> 7.70 | AA15: =VLOOKUP(B15,'DANH SACH UEH'!$A$3:$FE$2228,45,0) -> 7.76 | AB15: =VLOOKUP(B15,'DANH SACH UEH'!$A$3:$FE$2228,46,0) -> 8.31 | AE15: =VLOOKUP(B15,'DANH SACH UEH'!$A$3:$I$2229,4,0) -> NGUYỄN LÊ NGỌC HÂN | AF15: =VLOOKUP(B15,'DANH SACH UEH'!$A$3:$I$2229,8,0) -> 0929499740
A16: 15 | B16: 066308006122 | C16: =VLOOKUP(B16,'DANH SACH UEH'!$A$3:$FE$2228,2,0) -> KSVBS2611188 | D16: =IFERROR(VLOOKUP(B16,'DS NGHIEP VU BO'!$A$3:$BX$148,6,0),"") -> 66010126 | E16: =VLOOKUP(B16,'DS NGHIEP VU BO'!$A$3:$BX$148,45,0) -> Đắk Lắk | F16: =IF(G16<>"","Giải thưởng kỳ thi chọn học sinh giỏi cấp tỉnh/TP:","") | G16: =IFERROR(IF(VLOOKUP(B16,'DANH SACH UEH'!$A$3:$FE$2228,18,0)="Không có","",VLOOKUP(B16,'DANH SACH UEH'!$A$3:$FE$2228,18,0)),"") | H16: =IFERROR(IF(VLOOKUP(B16,'DANH SACH UEH'!$A$3:$FE$2228,20,0)="Không có","",VLOOKUP(B16,'DANH SACH UEH'!$A$3:$FE$2228,20,0)),"") | I16: =IFERROR(IF(VLOOKUP(B16,'DANH SACH UEH'!$A$3:$FE$2228,19,0)="Không có","",VLOOKUP(B16,'DANH SACH UEH'!$A$3:$FE$2228,19,0)),"") | J16: =VLOOKUP(B16,'DANH SACH UEH'!$A$3:$FE$2228,6,0) -> 25/07/2008 | K16: =IF(VLOOKUP(B16,'DANH SACH UEH'!$A$3:$FE$2228,5,0)="1","Nữ","Nam") -> Nữ | L16: =VLOOKUP(B16,'DANH SACH UEH'!$A$3:$FE$2228,14,0) -> Sán chay (Cao Lan, Sán Chỉ) | M16: =VLOOKUP(B16,'DANH SACH UEH'!$A$3:$FE$2228,7,0) -> lythigiangmy008@gmail.com | N16: =VLOOKUP(B16,'DANH SACH UEH'!$A$3:$FE$2228,8,0) -> 0896540820 | O16: =IFERROR(VLOOKUP(AE16,'DS TAO MAIL'!$D$3:$M$1120,5,0),"") -> 31261570535 | P16: =IFERROR(VLOOKUP(AE16,'DS TAO MAIL'!$D$3:$M$1120,8,0),"") -> 98942758 | Q16: =IFERROR(VLOOKUP(AE16,'DS TAO MAIL'!$D$3:$M$1120,7,0),"") -> myly.31261570535@st.ueh.edu.vn | R16: =IFERROR(VLOOKUP(AE16,'DS TAO MAIL'!$D$3:$M$1120,8,0),"") -> 98942758 | S16: 82.02 | U16: 81.4 | V16: =IFERROR(IF(VLOOKUP(B16,'DANH SACH UEH'!$A$3:$FE$2228,27,0)="Không có","",IF(VLOOKUP(B16,'DANH SACH UEH'!$A$3:$FE$2228,29,0)<"6","",(VLOOKUP(B16,'DANH SACH UEH'!$A$3:$FE$2228,27,0)))),"") | W16: =IFERROR(IF(VLOOKUP(B16,'DANH SACH UEH'!$A$3:$FE$2228,29,0)<"6","",VLOOKUP(B16,'DANH SACH UEH'!$A$3:$FE$2228,29,0)),"") | X16: =IFERROR(IF(V16="","",VLOOKUP(B16,'DANH SACH UEH'!$A$3:$FE$2228,28,0)&""),"") | Z16: =VLOOKUP(B16,'DANH SACH UEH'!$A$3:$FE$2228,44,0) -> 7.63 | AA16: =VLOOKUP(B16,'DANH SACH UEH'!$A$3:$FE$2228,45,0) -> 8.05 | AB16: =VLOOKUP(B16,'DANH SACH UEH'!$A$3:$FE$2228,46,0) -> 8.51 | AE16: =VLOOKUP(B16,'DANH SACH UEH'!$A$3:$I$2229,4,0) -> LÝ THỊ GIÁNG MY | AF16: =VLOOKUP(B16,'DANH SACH UEH'!$A$3:$I$2229,8,0) -> 0896540820
A17: 16 | B17: 044208010722 | C17: =VLOOKUP(B17,'DANH SACH UEH'!$A$3:$FE$2228,2,0) -> KSVBS2642702 | D17: =IFERROR(VLOOKUP(B17,'DS NGHIEP VU BO'!$A$3:$BX$148,6,0),"") -> 44010909 | E17: =VLOOKUP(B17,'DS NGHIEP VU BO'!$A$3:$BX$148,45,0) -> Quảng Trị | F17: =IF(G17<>"","Giải thưởng kỳ thi chọn học sinh giỏi cấp tỉnh/TP:","") | G17: =IFERROR(IF(VLOOKUP(B17,'DANH SACH UEH'!$A$3:$FE$2228,18,0)="Không có","",VLOOKUP(B17,'DANH SACH UEH'!$A$3:$FE$2228,18,0)),"") | H17: =IFERROR(IF(VLOOKUP(B17,'DANH SACH UEH'!$A$3:$FE$2228,20,0)="Không có","",VLOOKUP(B17,'DANH SACH UEH'!$A$3:$FE$2228,20,0)),"") | I17: =IFERROR(IF(VLOOKUP(B17,'DANH SACH UEH'!$A$3:$FE$2228,19,0)="Không có","",VLOOKUP(B17,'DANH SACH UEH'!$A$3:$FE$2228,19,0)),"") | J17: =VLOOKUP(B17,'DANH SACH UEH'!$A$3:$FE$2228,6,0) -> 03/05/2008 | K17: =IF(VLOOKUP(B17,'DANH SACH UEH'!$A$3:$FE$2228,5,0)="1","Nữ","Nam") -> Nam | L17: =VLOOKUP(B17,'DANH SACH UEH'!$A$3:$FE$2228,14,0) -> Kinh | M17: =VLOOKUP(B17,'DANH SACH UEH'!$A$3:$FE$2228,7,0) -> lehongquan0508@gmail.com | N17: =VLOOKUP(B17,'DANH SACH UEH'!$A$3:$FE$2228,8,0) -> 0919747978 | O17: =IFERROR(VLOOKUP(AE17,'DS TAO MAIL'!$D$3:$M$1120,5,0),"") -> 31261570526 | P17: =IFERROR(VLOOKUP(AE17,'DS TAO MAIL'!$D$3:$M$1120,8,0),"") -> 40169828 | Q17: =IFERROR(VLOOKUP(AE17,'DS TAO MAIL'!$D$3:$M$1120,7,0),"") -> quanle.31261570526@st.ueh.edu.vn | R17: =IFERROR(VLOOKUP(AE17,'DS TAO MAIL'!$D$3:$M$1120,8,0),"") -> 40169828 | S17: 76.22 | U17: 76.22 | V17: =IFERROR(IF(VLOOKUP(B17,'DANH SACH UEH'!$A$3:$FE$2228,27,0)="Không có","",IF(VLOOKUP(B17,'DANH SACH UEH'!$A$3:$FE$2228,29,0)<"6","",(VLOOKUP(B17,'DANH SACH UEH'!$A$3:$FE$2228,27,0)))),"") -> IELTS | W17: =IFERROR(IF(VLOOKUP(B17,'DANH SACH UEH'!$A$3:$FE$2228,29,0)<"6","",VLOOKUP(B17,'DANH SACH UEH'!$A$3:$FE$2228,29,0)),"") -> 6.5 | X17: =IFERROR(IF(V17="","",VLOOKUP(B17,'DANH SACH UEH'!$A$3:$FE$2228,28,0)&""),"") -> 30/08/2025 | Z17: =VLOOKUP(B17,'DANH SACH UEH'!$A$3:$FE$2228,44,0) -> 8.47 | AA17: =VLOOKUP(B17,'DANH SACH UEH'!$A$3:$FE$2228,45,0) -> 8.37 | AB17: =VLOOKUP(B17,'DANH SACH UEH'!$A$3:$FE$2228,46,0) -> 8.11 | AE17: =VLOOKUP(B17,'DANH SACH UEH'!$A$3:$I$2229,4,0) -> LÊ HỒNG QUÂN | AF17: =VLOOKUP(B17,'DANH SACH UEH'!$A$3:$I$2229,8,0) -> 0919747978
A18: 17 | B18: 040208024160 | C18: =VLOOKUP(B18,'DANH SACH UEH'!$A$3:$FE$2228,2,0) -> KSVBS2623414 | D18: =IFERROR(VLOOKUP(B18,'DS NGHIEP VU BO'!$A$3:$BX$148,6,0),"") -> 40029525 | E18: =VLOOKUP(B18,'DS NGHIEP VU BO'!$A$3:$BX$148,45,0) -> Nghệ An | F18: =IF(G18<>"","Giải thưởng kỳ thi chọn học sinh giỏi cấp tỉnh/TP:","") | G18: =IFERROR(IF(VLOOKUP(B18,'DANH SACH UEH'!$A$3:$FE$2228,18,0)="Không có","",VLOOKUP(B18,'DANH SACH UEH'!$A$3:$FE$2228,18,0)),"") | H18: =IFERROR(IF(VLOOKUP(B18,'DANH SACH UEH'!$A$3:$FE$2228,20,0)="Không có","",VLOOKUP(B18,'DANH SACH UEH'!$A$3:$FE$2228,20,0)),"") | I18: =IFERROR(IF(VLOOKUP(B18,'DANH SACH UEH'!$A$3:$FE$2228,19,0)="Không có","",VLOOKUP(B18,'DANH SACH UEH'!$A$3:$FE$2228,19,0)),"") | J18: =VLOOKUP(B18,'DANH SACH UEH'!$A$3:$FE$2228,6,0) -> 09/07/2008 | K18: =IF(VLOOKUP(B18,'DANH SACH UEH'!$A$3:$FE$2228,5,0)="1","Nữ","Nam") -> Nam | L18: =VLOOKUP(B18,'DANH SACH UEH'!$A$3:$FE$2228,14,0) -> Kinh | M18: =VLOOKUP(B18,'DANH SACH UEH'!$A$3:$FE$2228,7,0) -> nguyengiaanhhieu2k8@gmail.com | N18: =VLOOKUP(B18,'DANH SACH UEH'!$A$3:$FE$2228,8,0) -> 0569619450 | O18: =IFERROR(VLOOKUP(AE18,'DS TAO MAIL'!$D$3:$M$1120,5,0),"") -> 31261570533 | P18: =IFERROR(VLOOKUP(AE18,'DS TAO MAIL'!$D$3:$M$1120,8,0),"") -> 24085537 | Q18: =IFERROR(VLOOKUP(AE18,'DS TAO MAIL'!$D$3:$M$1120,7,0),"") -> hieunguyen.31261570533@st.ueh.edu.vn | R18: =IFERROR(VLOOKUP(AE18,'DS TAO MAIL'!$D$3:$M$1120,8,0),"") -> 24085537 | S18: 67.49 | U18: 66.66 | V18: =IFERROR(IF(VLOOKUP(B18,'DANH SACH UEH'!$A$3:$FE$2228,27,0)="Không có","",IF(VLOOKUP(B18,'DANH SACH UEH'!$A$3:$FE$2228,29,0)<"6","",(VLOOKUP(B18,'DANH SACH UEH'!$A$3:$FE$2228,27,0)))),"") | W18: =IFERROR(IF(VLOOKUP(B18,'DANH SACH UEH'!$A$3:$FE$2228,29,0)<"6","",VLOOKUP(B18,'DANH SACH UEH'!$A$3:$FE$2228,29,0)),"") | X18: =IFERROR(IF(V18="","",VLOOKUP(B18,'DANH SACH UEH'!$A$3:$FE$2228,28,0)&""),"") | Z18: =VLOOKUP(B18,'DANH SACH UEH'!$A$3:$FE$2228,44,0) -> 8.66 | AA18: =VLOOKUP(B18,'DANH SACH UEH'!$A$3:$FE$2228,45,0) -> 8.91 | AB18: =VLOOKUP(B18,'DANH SACH UEH'!$A$3:$FE$2228,46,0) -> 8.82 | AE18: =VLOOKUP(B18,'DANH SACH UEH'!$A$3:$I$2229,4,0) -> NGUYỄN GIA ANH HIẾU | AF18: =VLOOKUP(B18,'DANH SACH UEH'!$A$3:$I$2229,8,0) -> 0569619450
A19: 18 | B19: 038208002727 | C19: =VLOOKUP(B19,'DANH SACH UEH'!$A$3:$FE$2228,2,0) -> KSVBS2626461 | D19: =IFERROR(VLOOKUP(B19,'DS NGHIEP VU BO'!$A$3:$BX$148,6,0),"") -> 68024623 | E19: =VLOOKUP(B19,'DS NGHIEP VU BO'!$A$3:$BX$148,45,0) -> Lâm Đồng | F19: =IF(G19<>"","Giải thưởng kỳ thi chọn học sinh giỏi cấp tỉnh/TP:","") | G19: =IFERROR(IF(VLOOKUP(B19,'DANH SACH UEH'!$A$3:$FE$2228,18,0)="Không có","",VLOOKUP(B19,'DANH SACH UEH'!$A$3:$FE$2228,18,0)),"") | H19: =IFERROR(IF(VLOOKUP(B19,'DANH SACH UEH'!$A$3:$FE$2228,20,0)="Không có","",VLOOKUP(B19,'DANH SACH UEH'!$A$3:$FE$2228,20,0)),"") | I19: =IFERROR(IF(VLOOKUP(B19,'DANH SACH UEH'!$A$3:$FE$2228,19,0)="Không có","",VLOOKUP(B19,'DANH SACH UEH'!$A$3:$FE$2228,19,0)),"") | J19: =VLOOKUP(B19,'DANH SACH UEH'!$A$3:$FE$2228,6,0) -> 09/05/2008 | K19: =IF(VLOOKUP(B19,'DANH SACH UEH'!$A$3:$FE$2228,5,0)="1","Nữ","Nam") -> Nam | L19: =VLOOKUP(B19,'DANH SACH UEH'!$A$3:$FE$2228,14,0) -> Kinh | M19: =VLOOKUP(B19,'DANH SACH UEH'!$A$3:$FE$2228,7,0) -> nguyenvux95@gmail.com | N19: =VLOOKUP(B19,'DANH SACH UEH'!$A$3:$FE$2228,8,0) -> 0382731611 | O19: =IFERROR(VLOOKUP(AE19,'DS TAO MAIL'!$D$3:$M$1120,5,0),"") -> 31261570520 | P19: =IFERROR(VLOOKUP(AE19,'DS TAO MAIL'!$D$3:$M$1120,8,0),"") -> 68327293 | Q19: =IFERROR(VLOOKUP(AE19,'DS TAO MAIL'!$D$3:$M$1120,7,0),"") -> vunguyen.31261570520@st.ueh.edu.vn | R19: =IFERROR(VLOOKUP(AE19,'DS TAO MAIL'!$D$3:$M$1120,8,0),"") -> 68327293 | S19: 75.77 | U19: 74.1 | V19: =IFERROR(IF(VLOOKUP(B19,'DANH SACH UEH'!$A$3:$FE$2228,27,0)="Không có","",IF(VLOOKUP(B19,'DANH SACH UEH'!$A$3:$FE$2228,29,0)<"6","",(VLOOKUP(B19,'DANH SACH UEH'!$A$3:$FE$2228,27,0)))),"") | W19: =IFERROR(IF(VLOOKUP(B19,'DANH SACH UEH'!$A$3:$FE$2228,29,0)<"6","",VLOOKUP(B19,'DANH SACH UEH'!$A$3:$FE$2228,29,0)),"") | X19: =IFERROR(IF(V19="","",VLOOKUP(B19,'DANH SACH UEH'!$A$3:$FE$2228,28,0)&""),"") | Z19: =VLOOKUP(B19,'DANH SACH UEH'!$A$3:$FE$2228,44,0) -> 6.36 | AA19: =VLOOKUP(B19,'DANH SACH UEH'!$A$3:$FE$2228,45,0) -> 6.37 | AB19: =VLOOKUP(B19,'DANH SACH UEH'!$A$3:$FE$2228,46,0) -> 7.22 | AE19: =VLOOKUP(B19,'DANH SACH UEH'!$A$3:$I$2229,4,0) -> NGUYỄN TRUNG VŨ | AF19: =VLOOKUP(B19,'DANH SACH UEH'!$A$3:$I$2229,8,0) -> 0382731611
A20: 19 | B20: 008308006425 | C20: =VLOOKUP(B20,'DANH SACH UEH'!$A$3:$FE$2228,2,0) -> KSVBS2617443 | D20: =IFERROR(VLOOKUP(B20,'DS NGHIEP VU BO'!$A$3:$BX$148,6,0),"") -> 08016541 | E20: =VLOOKUP(B20,'DS NGHIEP VU BO'!$A$3:$BX$148,45,0) -> Tuyên Quang | F20: =IF(G20<>"","Giải thưởng kỳ thi chọn học sinh giỏi cấp tỉnh/TP:","") -> Giải thưởng kỳ thi chọn học sinh giỏi cấp tỉnh/TP: | G20: =IFERROR(IF(VLOOKUP(B20,'DANH SACH UEH'!$A$3:$FE$2228,18,0)="Không có","",VLOOKUP(B20,'DANH SACH UEH'!$A$3:$FE$2228,18,0)),"") -> Sinh học | H20: =IFERROR(IF(VLOOKUP(B20,'DANH SACH UEH'!$A$3:$FE$2228,20,0)="Không có","",VLOOKUP(B20,'DANH SACH UEH'!$A$3:$FE$2228,20,0)),"") -> Ba | I20: =IFERROR(IF(VLOOKUP(B20,'DANH SACH UEH'!$A$3:$FE$2228,19,0)="Không có","",VLOOKUP(B20,'DANH SACH UEH'!$A$3:$FE$2228,19,0)),"") -> 2025 | J20: =VLOOKUP(B20,'DANH SACH UEH'!$A$3:$FE$2228,6,0) -> 08/01/2008 | K20: =IF(VLOOKUP(B20,'DANH SACH UEH'!$A$3:$FE$2228,5,0)="1","Nữ","Nam") -> Nữ | L20: =VLOOKUP(B20,'DANH SACH UEH'!$A$3:$FE$2228,14,0) -> Kinh | M20: =VLOOKUP(B20,'DANH SACH UEH'!$A$3:$FE$2228,7,0) -> nhiv91608@gmail.com | N20: =VLOOKUP(B20,'DANH SACH UEH'!$A$3:$FE$2228,8,0) -> 0367711616 | O20: =IFERROR(VLOOKUP(AE20,'DS TAO MAIL'!$D$3:$M$1120,5,0),"") | P20: =IFERROR(VLOOKUP(AE20,'DS TAO MAIL'!$D$3:$M$1120,8,0),"") | Q20: =IFERROR(VLOOKUP(AE20,'DS TAO MAIL'!$D$3:$M$1120,7,0),"") | R20: =IFERROR(VLOOKUP(AE20,'DS TAO MAIL'!$D$3:$M$1120,8,0),"") | S20: 62.87 | U20: 62.04 | V20: =IFERROR(IF(VLOOKUP(B20,'DANH SACH UEH'!$A$3:$FE$2228,27,0)="Không có","",IF(VLOOKUP(B20,'DANH SACH UEH'!$A$3:$FE$2228,29,0)<"6","",(VLOOKUP(B20,'DANH SACH UEH'!$A$3:$FE$2228,27,0)))),"") | W20: =IFERROR(IF(VLOOKUP(B20,'DANH SACH UEH'!$A$3:$FE$2228,29,0)<"6","",VLOOKUP(B20,'DANH SACH UEH'!$A$3:$FE$2228,29,0)),"") | X20: =IFERROR(IF(V20="","",VLOOKUP(B20,'DANH SACH UEH'!$A$3:$FE$2228,28,0)&""),"") | Z20: =VLOOKUP(B20,'DANH SACH UEH'!$A$3:$FE$2228,44,0) -> 8.46 | AA20: =VLOOKUP(B20,'DANH SACH UEH'!$A$3:$FE$2228,45,0) -> 8.50 | AB20: =VLOOKUP(B20,'DANH SACH UEH'!$A$3:$FE$2228,46,0) -> 8.72 | AE20: =VLOOKUP(B20,'DANH SACH UEH'!$A$3:$I$2229,4,0) -> VŨ YẾN NHI | AF20: =VLOOKUP(B20,'DANH SACH UEH'!$A$3:$I$2229,8,0) -> 0367711616
A21: 20 | B21: 025308012169 | C21: =VLOOKUP(B21,'DANH SACH UEH'!$A$3:$FE$2228,2,0) -> KSVBS2629385 | D21: =IFERROR(VLOOKUP(B21,'DS NGHIEP VU BO'!$A$3:$BX$148,6,0),"") -> 25037325 | E21: =VLOOKUP(B21,'DS NGHIEP VU BO'!$A$3:$BX$148,45,0) -> Phú Thọ | F21: =IF(G21<>"","Giải thưởng kỳ thi chọn học sinh giỏi cấp tỉnh/TP:","") | G21: =IFERROR(IF(VLOOKUP(B21,'DANH SACH UEH'!$A$3:$FE$2228,18,0)="Không có","",VLOOKUP(B21,'DANH SACH UEH'!$A$3:$FE$2228,18,0)),"") | H21: =IFERROR(IF(VLOOKUP(B21,'DANH SACH UEH'!$A$3:$FE$2228,20,0)="Không có","",VLOOKUP(B21,'DANH SACH UEH'!$A$3:$FE$2228,20,0)),"") | I21: =IFERROR(IF(VLOOKUP(B21,'DANH SACH UEH'!$A$3:$FE$2228,19,0)="Không có","",VLOOKUP(B21,'DANH SACH UEH'!$A$3:$FE$2228,19,0)),"") | J21: =VLOOKUP(B21,'DANH SACH UEH'!$A$3:$FE$2228,6,0) -> 08/12/2008 | K21: =IF(VLOOKUP(B21,'DANH SACH UEH'!$A$3:$FE$2228,5,0)="1","Nữ","Nam") -> Nữ | L21: =VLOOKUP(B21,'DANH SACH UEH'!$A$3:$FE$2228,14,0) -> Kinh | M21: =VLOOKUP(B21,'DANH SACH UEH'!$A$3:$FE$2228,7,0) -> khanhchi8812@gmail.com | N21: =VLOOKUP(B21,'DANH SACH UEH'!$A$3:$FE$2228,8,0) -> 0327399812 | O21: =IFERROR(VLOOKUP(AE21,'DS TAO MAIL'!$D$3:$M$1120,5,0),"") -> 31261570488 | P21: =IFERROR(VLOOKUP(AE21,'DS TAO MAIL'!$D$3:$M$1120,8,0),"") -> 27522792 | Q21: =IFERROR(VLOOKUP(AE21,'DS TAO MAIL'!$D$3:$M$1120,7,0),"") -> chinguyen.31261570488@st.ueh.edu.vn | R21: =IFERROR(VLOOKUP(AE21,'DS TAO MAIL'!$D$3:$M$1120,8,0),"") -> 27522792 | S21: 64.67 | U21: 63 | V21: =IFERROR(IF(VLOOKUP(B21,'DANH SACH UEH'!$A$3:$FE$2228,27,0)="Không có","",IF(VLOOKUP(B21,'DANH SACH UEH'!$A$3:$FE$2228,29,0)<"6","",(VLOOKUP(B21,'DANH SACH UEH'!$A$3:$FE$2228,27,0)))),"") | W21: =IFERROR(IF(VLOOKUP(B21,'DANH SACH UEH'!$A$3:$FE$2228,29,0)<"6","",VLOOKUP(B21,'DANH SACH UEH'!$A$3:$FE$2228,29,0)),"") | X21: =IFERROR(IF(V21="","",VLOOKUP(B21,'DANH SACH UEH'!$A$3:$FE$2228,28,0)&""),"") | Z21: =VLOOKUP(B21,'DANH SACH UEH'!$A$3:$FE$2228,44,0) -> 8.62 | AA21: =VLOOKUP(B21,'DANH SACH UEH'!$A$3:$FE$2228,45,0) -> 8.69 | AB21: =VLOOKUP(B21,'DANH SACH UEH'!$A$3:$FE$2228,46,0) -> 9.19 | AE21: =VLOOKUP(B21,'DANH SACH UEH'!$A$3:$I$2229,4,0) -> NGUYỄN KHÁNH CHI | AF21: =VLOOKUP(B21,'DANH SACH UEH'!$A$3:$I$2229,8,0) -> 0327399812
A22: 21 | B22: 033308007672 | C22: =VLOOKUP(B22,'DANH SACH UEH'!$A$3:$FE$2228,2,0) -> KSVBS2621873 | D22: =IFERROR(VLOOKUP(B22,'DS NGHIEP VU BO'!$A$3:$BX$148,6,0),"") -> 33005334 | E22: =VLOOKUP(B22,'DS NGHIEP VU BO'!$A$3:$BX$148,45,0) -> Hưng Yên | F22: =IF(G22<>"","Giải thưởng kỳ thi chọn học sinh giỏi cấp tỉnh/TP:","") | G22: =IFERROR(IF(VLOOKUP(B22,'DANH SACH UEH'!$A$3:$FE$2228,18,0)="Không có","",VLOOKUP(B22,'DANH SACH UEH'!$A$3:$FE$2228,18,0)),"") | H22: =IFERROR(IF(VLOOKUP(B22,'DANH SACH UEH'!$A$3:$FE$2228,20,0)="Không có","",VLOOKUP(B22,'DANH SACH UEH'!$A$3:$FE$2228,20,0)),"") | I22: =IFERROR(IF(VLOOKUP(B22,'DANH SACH UEH'!$A$3:$FE$2228,19,0)="Không có","",VLOOKUP(B22,'DANH SACH UEH'!$A$3:$FE$2228,19,0)),"") | J22: =VLOOKUP(B22,'DANH SACH UEH'!$A$3:$FE$2228,6,0) -> 20/04/2008 | K22: =IF(VLOOKUP(B22,'DANH SACH UEH'!$A$3:$FE$2228,5,0)="1","Nữ","Nam") -> Nữ | L22: =VLOOKUP(B22,'DANH SACH UEH'!$A$3:$FE$2228,14,0) -> Kinh | M22: =VLOOKUP(B22,'DANH SACH UEH'!$A$3:$FE$2228,7,0) -> nhhang2@gmail.com | N22: =VLOOKUP(B22,'DANH SACH UEH'!$A$3:$FE$2228,8,0) -> 0972505985 | O22: =IFERROR(VLOOKUP(AF22,'DS TAO MAIL'!$A$3:$M$1120,8,0),"") -> 31261570513 | P22: =IFERROR(VLOOKUP(AF22,'DS TAO MAIL'!$A$3:$M$1120,11,0),"") -> 87102618 | Q22: =IFERROR(VLOOKUP(AF22,'DS TAO MAIL'!$A$3:$M$1120,10,0),"") -> hangnguyen.31261570513@st.ueh.edu.vn | R22: =IFERROR(VLOOKUP(AF22,'DS TAO MAIL'!$A$3:$M$1120,11,0),"") -> 87102618 | S22: 66.15 | U22: 64.48 | V22: =IFERROR(IF(VLOOKUP(B22,'DANH SACH UEH'!$A$3:$FE$2228,27,0)="Không có","",IF(VLOOKUP(B22,'DANH SACH UEH'!$A$3:$FE$2228,29,0)<"6","",(VLOOKUP(B22,'DANH SACH UEH'!$A$3:$FE$2228,27,0)))),"") | W22: =IFERROR(IF(VLOOKUP(B22,'DANH SACH UEH'!$A$3:$FE$2228,29,0)<"6","",VLOOKUP(B22,'DANH SACH UEH'!$A$3:$FE$2228,29,0)),"") | X22: =IFERROR(IF(V22="","",VLOOKUP(B22,'DANH SACH UEH'!$A$3:$FE$2228,28,0)&""),"") | Z22: =VLOOKUP(B22,'DANH SACH UEH'!$A$3:$FE$2228,44,0) -> 8.59 | AA22: =VLOOKUP(B22,'DANH SACH UEH'!$A$3:$FE$2228,45,0) -> 8.52 | AB22: =VLOOKUP(B22,'DANH SACH UEH'!$A$3:$FE$2228,46,0) -> 8.66 | AE22: =VLOOKUP(B22,'DANH SACH UEH'!$A$3:$I$2229,4,0) -> NGUYỄN THU HẰNG | AF22: =VLOOKUP(B22,'DANH SACH UEH'!$A$3:$I$2229,8,0) -> 0972505985
A23: 22 | B23: 034308005716 | C23: =VLOOKUP(B23,'DANH SACH UEH'!$A$3:$FE$2228,2,0) -> KSVBS2626874 | D23: =IFERROR(VLOOKUP(B23,'DS NGHIEP VU BO'!$A$3:$BX$148,6,0),"") -> 31021165 | E23: =VLOOKUP(B23,'DS NGHIEP VU BO'!$A$3:$BX$148,45,0) -> Hải Phòng | F23: =IF(G23<>"","Giải thưởng kỳ thi chọn học sinh giỏi cấp tỉnh/TP:","") | G23: =IFERROR(IF(VLOOKUP(B23,'DANH SACH UEH'!$A$3:$FE$2228,18,0)="Không có","",VLOOKUP(B23,'DANH SACH UEH'!$A$3:$FE$2228,18,0)),"") | H23: =IFERROR(IF(VLOOKUP(B23,'DANH SACH UEH'!$A$3:$FE$2228,20,0)="Không có","",VLOOKUP(B23,'DANH SACH UEH'!$A$3:$FE$2228,20,0)),"") | I23: =IFERROR(IF(VLOOKUP(B23,'DANH SACH UEH'!$A$3:$FE$2228,19,0)="Không có","",VLOOKUP(B23,'DANH SACH UEH'!$A$3:$FE$2228,19,0)),"") | J23: =VLOOKUP(B23,'DANH SACH UEH'!$A$3:$FE$2228,6,0) -> 25/10/2008 | K23: =IF(VLOOKUP(B23,'DANH SACH UEH'!$A$3:$FE$2228,5,0)="1","Nữ","Nam") -> Nữ | L23: =VLOOKUP(B23,'DANH SACH UEH'!$A$3:$FE$2228,14,0) -> Kinh | M23: =VLOOKUP(B23,'DANH SACH UEH'!$A$3:$FE$2228,7,0) -> lphuong25102008@gmail.com | N23: =VLOOKUP(B23,'DANH SACH UEH'!$A$3:$FE$2228,8,0) -> 0705796418 | O23: =IFERROR(VLOOKUP(AE23,'DS TAO MAIL'!$D$3:$M$1120,5,0),"") -> 31261570490 | P23: =IFERROR(VLOOKUP(AE23,'DS TAO MAIL'!$D$3:$M$1120,8,0),"") -> 97019616 | Q23: =IFERROR(VLOOKUP(AE23,'DS TAO MAIL'!$D$3:$M$1120,7,0),"") -> phuongnguyen.31261570490@st.ueh.edu.vn | R23: =IFERROR(VLOOKUP(AE23,'DS TAO MAIL'!$D$3:$M$1120,8,0),"") -> 97019616 | S23: 65.47 | U23: 64.64 | V23: =IFERROR(IF(VLOOKUP(B23,'DANH SACH UEH'!$A$3:$FE$2228,27,0)="Không có","",IF(VLOOKUP(B23,'DANH SACH UEH'!$A$3:$FE$2228,29,0)<"6","",(VLOOKUP(B23,'DANH SACH UEH'!$A$3:$FE$2228,27,0)))),"") | W23: =IFERROR(IF(VLOOKUP(B23,'DANH SACH UEH'!$A$3:$FE$2228,29,0)<"6","",VLOOKUP(B23,'DANH SACH UEH'!$A$3:$FE$2228,29,0)),"") | X23: =IFERROR(IF(V23="","",VLOOKUP(B23,'DANH SACH UEH'!$A$3:$FE$2228,28,0)&""),"") | Z23: =VLOOKUP(B23,'DANH SACH UEH'!$A$3:$FE$2228,44,0) -> 8.68 | AA23: =VLOOKUP(B23,'DANH SACH UEH'!$A$3:$FE$2228,45,0) -> 8.11 | AB23: =VLOOKUP(B23,'DANH SACH UEH'!$A$3:$FE$2228,46,0) -> 8.93 | AE23: =VLOOKUP(B23,'DANH SACH UEH'!$A$3:$I$2229,4,0) -> NGUYỄN LAN PHƯƠNG | AF23: =VLOOKUP(B23,'DANH SACH UEH'!$A$3:$I$2229,8,0) -> 0705796418
A24: 23 | B24: 037308003748 | C24: =VLOOKUP(B24,'DANH SACH UEH'!$A$3:$FE$2228,2,0) -> KSVBS2603312 | D24: =IFERROR(VLOOKUP(B24,'DS NGHIEP VU BO'!$A$3:$BX$148,6,0),"") -> 37003959 | E24: =VLOOKUP(B24,'DS NGHIEP VU BO'!$A$3:$BX$148,45,0) -> Ninh Bình | F24: =IF(G24<>"","Giải thưởng kỳ thi chọn học sinh giỏi cấp tỉnh/TP:","") | G24: =IFERROR(IF(VLOOKUP(B24,'DANH SACH UEH'!$A$3:$FE$2228,18,0)="Không có","",VLOOKUP(B24,'DANH SACH UEH'!$A$3:$FE$2228,18,0)),"") | H24: =IFERROR(IF(VLOOKUP(B24,'DANH SACH UEH'!$A$3:$FE$2228,20,0)="Không có","",VLOOKUP(B24,'DANH SACH UEH'!$A$3:$FE$2228,20,0)),"") | I24: =IFERROR(IF(VLOOKUP(B24,'DANH SACH UEH'!$A$3:$FE$2228,19,0)="Không có","",VLOOKUP(B24,'DANH SACH UEH'!$A$3:$FE$2228,19,0)),"") | J24: =VLOOKUP(B24,'DANH SACH UEH'!$A$3:$FE$2228,6,0) -> 27/02/2008 | K24: =IF(VLOOKUP(B24,'DANH SACH UEH'!$A$3:$FE$2228,5,0)="1","Nữ","Nam") -> Nữ | L24: =VLOOKUP(B24,'DANH SACH UEH'!$A$3:$FE$2228,14,0) -> Kinh | M24: =VLOOKUP(B24,'DANH SACH UEH'!$A$3:$FE$2228,7,0) -> phamlinh2722@gmail.com | N24: =VLOOKUP(B24,'DANH SACH UEH'!$A$3:$FE$2228,8,0) -> 0903017782 | O24: =IFERROR(VLOOKUP(AE24,'DS TAO MAIL'!$D$3:$M$1120,5,0),"") -> 31261570510 | P24: =IFERROR(VLOOKUP(AE24,'DS TAO MAIL'!$D$3:$M$1120,8,0),"") -> 84633605 | Q24: =IFERROR(VLOOKUP(AE24,'DS TAO MAIL'!$D$3:$M$1120,7,0),"") -> linhpham.31261570510@st.ueh.edu.vn | R24: =IFERROR(VLOOKUP(AE24,'DS TAO MAIL'!$D$3:$M$1120,8,0),"") -> 84633605 | S24: 80.81 | U24: 79.44 | V24: =IFERROR(IF(VLOOKUP(B24,'DANH SACH UEH'!$A$3:$FE$2228,27,0)="Không có","",IF(VLOOKUP(B24,'DANH SACH UEH'!$A$3:$FE$2228,29,0)<"6","",(VLOOKUP(B24,'DANH SACH UEH'!$A$3:$FE$2228,27,0)))),"") | W24: =IFERROR(IF(VLOOKUP(B24,'DANH SACH UEH'!$A$3:$FE$2228,29,0)<"6","",VLOOKUP(B24,'DANH SACH UEH'!$A$3:$FE$2228,29,0)),"") | X24: =IFERROR(IF(V24="","",VLOOKUP(B24,'DANH SACH UEH'!$A$3:$FE$2228,28,0)&""),"") | Z24: =VLOOKUP(B24,'DANH SACH UEH'!$A$3:$FE$2228,44,0) -> 7.06 | AA24: =VLOOKUP(B24,'DANH SACH UEH'!$A$3:$FE$2228,45,0) -> 7.54 | AB24: =VLOOKUP(B24,'DANH SACH UEH'!$A$3:$FE$2228,46,0) -> 7.70 | AE24: =VLOOKUP(B24,'DANH SACH UEH'!$A$3:$I$2229,4,0) -> PHẠM GIA LINH | AF24: =VLOOKUP(B24,'DANH SACH UEH'!$A$3:$I$2229,8,0) -> 0903017782
A25: 24 | B25: 038307007810 | C25: =VLOOKUP(B25,'DANH SACH UEH'!$A$3:$FE$2228,2,0) -> KSVBS2613966 | D25: =IFERROR(VLOOKUP(B25,'DS NGHIEP VU BO'!$A$3:$BX$148,6,0),"") -> 75003150 | E25: =VLOOKUP(B25,'DS NGHIEP VU BO'!$A$3:$BX$148,45,0) -> TP. Đồng Nai | F25: =IF(G25<>"","Giải thưởng kỳ thi chọn học sinh giỏi cấp tỉnh/TP:","") | G25: =IFERROR(IF(VLOOKUP(B25,'DANH SACH UEH'!$A$3:$FE$2228,18,0)="Không có","",VLOOKUP(B25,'DANH SACH UEH'!$A$3:$FE$2228,18,0)),"") | H25: =IFERROR(IF(VLOOKUP(B25,'DANH SACH UEH'!$A$3:$FE$2228,20,0)="Không có","",VLOOKUP(B25,'DANH SACH UEH'!$A$3:$FE$2228,20,0)),"") | I25: =IFERROR(IF(VLOOKUP(B25,'DANH SACH UEH'!$A$3:$FE$2228,19,0)="Không có","",VLOOKUP(B25,'DANH SACH UEH'!$A$3:$FE$2228,19,0)),"") | J25: =VLOOKUP(B25,'DANH SACH UEH'!$A$3:$FE$2228,6,0) -> 31/01/2007 | K25: =IF(VLOOKUP(B25,'DANH SACH UEH'!$A$3:$FE$2228,5,0)="1","Nữ","Nam") -> Nữ | L25: =VLOOKUP(B25,'DANH SACH UEH'!$A$3:$FE$2228,14,0) -> Kinh | M25: =VLOOKUP(B25,'DANH SACH UEH'!$A$3:$FE$2228,7,0) -> nguyenngocbaoloan910@gmail.com | N25: =VLOOKUP(B25,'DANH SACH UEH'!$A$3:$FE$2228,8,0) -> 0365857417 | O25: =IFERROR(VLOOKUP(AF25,'DS TAO MAIL'!$A$3:$M$1120,8,0),"") -> 31261570511 | P25: =IFERROR(VLOOKUP(AF25,'DS TAO MAIL'!$A$3:$M$1120,11,0),"") -> 22019106 | Q25: =IFERROR(VLOOKUP(AF25,'DS TAO MAIL'!$A$3:$M$1120,10,0),"") -> loannguyen.31261570511@st.ueh.edu.vn | R25: =IFERROR(VLOOKUP(AF25,'DS TAO MAIL'!$A$3:$M$1120,11,0),"") -> 22019106 | S25: 86.12 | U25: 85.64 | V25: =IFERROR(IF(VLOOKUP(B25,'DANH SACH UEH'!$A$3:$FE$2228,27,0)="Không có","",IF(VLOOKUP(B25,'DANH SACH UEH'!$A$3:$FE$2228,29,0)<"6","",(VLOOKUP(B25,'DANH SACH UEH'!$A$3:$FE$2228,27,0)))),"") | W25: =IFERROR(IF(VLOOKUP(B25,'DANH SACH UEH'!$A$3:$FE$2228,29,0)<"6","",VLOOKUP(B25,'DANH SACH UEH'!$A$3:$FE$2228,29,0)),"") | X25: =IFERROR(IF(V25="","",VLOOKUP(B25,'DANH SACH UEH'!$A$3:$FE$2228,28,0)&""),"") | Z25: =VLOOKUP(B25,'DANH SACH UEH'!$A$3:$FE$2228,44,0) -> 8.18 | AA25: =VLOOKUP(B25,'DANH SACH UEH'!$A$3:$FE$2228,45,0) -> 8.72 | AB25: =VLOOKUP(B25,'DANH SACH UEH'!$A$3:$FE$2228,46,0) -> 8.74 | AE25: =VLOOKUP(B25,'DANH SACH UEH'!$A$3:$I$2229,4,0) -> NGUYỄN NGỌC BẢO LOAN | AF25: =VLOOKUP(B25,'DANH SACH UEH'!$A$3:$I$2229,8,0) -> 0365857417
A26: 25 | B26: 038308013704 | C26: =VLOOKUP(B26,'DANH SACH UEH'!$A$3:$FE$2228,2,0) -> KSVBS2620036 | D26: =IFERROR(VLOOKUP(B26,'DS NGHIEP VU BO'!$A$3:$BX$148,6,0),"") -> 79129945 | E26: =VLOOKUP(B26,'DS NGHIEP VU BO'!$A$3:$BX$148,45,0) -> Thanh Hoá | F26: =IF(G26<>"","Giải thưởng kỳ thi chọn học sinh giỏi cấp tỉnh/TP:","") | G26: =IFERROR(IF(VLOOKUP(B26,'DANH SACH UEH'!$A$3:$FE$2228,18,0)="Không có","",VLOOKUP(B26,'DANH SACH UEH'!$A$3:$FE$2228,18,0)),"") | H26: =IFERROR(IF(VLOOKUP(B26,'DANH SACH UEH'!$A$3:$FE$2228,20,0)="Không có","",VLOOKUP(B26,'DANH SACH UEH'!$A$3:$FE$2228,20,0)),"") | I26: =IFERROR(IF(VLOOKUP(B26,'DANH SACH UEH'!$A$3:$FE$2228,19,0)="Không có","",VLOOKUP(B26,'DANH SACH UEH'!$A$3:$FE$2228,19,0)),"") | J26: =VLOOKUP(B26,'DANH SACH UEH'!$A$3:$FE$2228,6,0) -> 13/01/2008 | K26: =IF(VLOOKUP(B26,'DANH SACH UEH'!$A$3:$FE$2228,5,0)="1","Nữ","Nam") -> Nữ | L26: =VLOOKUP(B26,'DANH SACH UEH'!$A$3:$FE$2228,14,0) -> Kinh | M26: =VLOOKUP(B26,'DANH SACH UEH'!$A$3:$FE$2228,7,0) -> hdo516516@gmail.com | N26: =VLOOKUP(B26,'DANH SACH UEH'!$A$3:$FE$2228,8,0) -> 0858694515 | O26: =IFERROR(VLOOKUP(AE26,'DS TAO MAIL'!$D$3:$M$1120,5,0),"") -> 31261570417 | P26: =IFERROR(VLOOKUP(AE26,'DS TAO MAIL'!$D$3:$M$1120,8,0),"") -> 68062150 | Q26: =IFERROR(VLOOKUP(AE26,'DS TAO MAIL'!$D$3:$M$1120,7,0),"") -> huyendo.31261570417@st.ueh.edu.vn | R26: =IFERROR(VLOOKUP(AE26,'DS TAO MAIL'!$D$3:$M$1120,8,0),"") -> 68062150 | S26: 80.34 | U26: 78.16 | V26: =IFERROR(IF(VLOOKUP(B26,'DANH SACH UEH'!$A$3:$FE$2228,27,0)="Không có","",IF(VLOOKUP(B26,'DANH SACH UEH'!$A$3:$FE$2228,29,0)<"6","",(VLOOKUP(B26,'DANH SACH UEH'!$A$3:$FE$2228,27,0)))),"") | W26: =IFERROR(IF(VLOOKUP(B26,'DANH SACH UEH'!$A$3:$FE$2228,29,0)<"6","",VLOOKUP(B26,'DANH SACH UEH'!$A$3:$FE$2228,29,0)),"") | X26: =IFERROR(IF(V26="","",VLOOKUP(B26,'DANH SACH UEH'!$A$3:$FE$2228,28,0)&""),"") | Z26: =VLOOKUP(B26,'DANH SACH UEH'!$A$3:$FE$2228,44,0) -> 8.03 | AA26: =VLOOKUP(B26,'DANH SACH UEH'!$A$3:$FE$2228,45,0) -> 8.01 | AB26: =VLOOKUP(B26,'DANH SACH UEH'!$A$3:$FE$2228,46,0) -> 8.00 | AE26: =VLOOKUP(B26,'DANH SACH UEH'!$A$3:$I$2229,4,0) -> ĐỖ KHÁNH HUYỀN | AF26: =VLOOKUP(B26,'DANH SACH UEH'!$A$3:$I$2229,8,0) -> 0858694515
A27: 26 | B27: 042307010416 | C27: =VLOOKUP(B27,'DANH SACH UEH'!$A$3:$FE$2228,2,0) -> KSVBS2618284 | D27: =IFERROR(VLOOKUP(B27,'DS NGHIEP VU BO'!$A$3:$BX$148,6,0),"") -> 42011184 | E27: =VLOOKUP(B27,'DS NGHIEP VU BO'!$A$3:$BX$148,45,0) -> Hà Tĩnh | F27: =IF(G27<>"","Giải thưởng kỳ thi chọn học sinh giỏi cấp tỉnh/TP:","") | G27: =IFERROR(IF(VLOOKUP(B27,'DANH SACH UEH'!$A$3:$FE$2228,18,0)="Không có","",VLOOKUP(B27,'DANH SACH UEH'!$A$3:$FE$2228,18,0)),"") | H27: =IFERROR(IF(VLOOKUP(B27,'DANH SACH UEH'!$A$3:$FE$2228,20,0)="Không có","",VLOOKUP(B27,'DANH SACH UEH'!$A$3:$FE$2228,20,0)),"") | I27: =IFERROR(IF(VLOOKUP(B27,'DANH SACH UEH'!$A$3:$FE$2228,19,0)="Không có","",VLOOKUP(B27,'DANH SACH UEH'!$A$3:$FE$2228,19,0)),"") | J27: =VLOOKUP(B27,'DANH SACH UEH'!$A$3:$FE$2228,6,0) -> 09/02/2007 | K27: =IF(VLOOKUP(B27,'DANH SACH UEH'!$A$3:$FE$2228,5,0)="1","Nữ","Nam") -> Nữ | L27: =VLOOKUP(B27,'DANH SACH UEH'!$A$3:$FE$2228,14,0) -> Kinh | M27: =VLOOKUP(B27,'DANH SACH UEH'!$A$3:$FE$2228,7,0) -> nhit5753@gmail.com | N27: =VLOOKUP(B27,'DANH SACH UEH'!$A$3:$FE$2228,8,0) -> 0948179207 | O27: =IFERROR(VLOOKUP(AE27,'DS TAO MAIL'!$D$3:$M$1120,5,0),"") -> 31261570517 | P27: =IFERROR(VLOOKUP(AE27,'DS TAO MAIL'!$D$3:$M$1120,8,0),"") -> 40146008 | Q27: =IFERROR(VLOOKUP(AE27,'DS TAO MAIL'!$D$3:$M$1120,7,0),"") -> nhitran.31261570517@st.ueh.edu.vn | R27: =IFERROR(VLOOKUP(AE27,'DS TAO MAIL'!$D$3:$M$1120,8,0),"") -> 40146008 | S27: 77.63 | U27: 75.14 | V27: =IFERROR(IF(VLOOKUP(B27,'DANH SACH UEH'!$A$3:$FE$2228,27,0)="Không có","",IF(VLOOKUP(B27,'DANH SACH UEH'!$A$3:$FE$2228,29,0)<"6","",(VLOOKUP(B27,'DANH SACH UEH'!$A$3:$FE$2228,27,0)))),"") | W27: =IFERROR(IF(VLOOKUP(B27,'DANH SACH UEH'!$A$3:$FE$2228,29,0)<"6","",VLOOKUP(B27,'DANH SACH UEH'!$A$3:$FE$2228,29,0)),"") | X27: =IFERROR(IF(V27="","",VLOOKUP(B27,'DANH SACH UEH'!$A$3:$FE$2228,28,0)&""),"") | Z27: =VLOOKUP(B27,'DANH SACH UEH'!$A$3:$FE$2228,44,0) -> 6.69 | AA27: =VLOOKUP(B27,'DANH SACH UEH'!$A$3:$FE$2228,45,0) -> 7.73 | AB27: =VLOOKUP(B27,'DANH SACH UEH'!$A$3:$FE$2228,46,0) -> 8.11 | AE27: =VLOOKUP(B27,'DANH SACH UEH'!$A$3:$I$2229,4,0) -> TRẦN THỊ YẾN NHI | AF27: =VLOOKUP(B27,'DANH SACH UEH'!$A$3:$I$2229,8,0) -> 0948179207
A28: 27 | B28: 046206005798 | C28: =VLOOKUP(B28,'DANH SACH UEH'!$A$3:$FE$2228,2,0) -> KSVBS2646585 | D28: =IFERROR(VLOOKUP(B28,'DS NGHIEP VU BO'!$A$3:$BX$148,6,0),"") -> 46013275 | E28: =VLOOKUP(B28,'DS NGHIEP VU BO'!$A$3:$BX$148,45,0) -> Thành phố Huế | F28: =IF(G28<>"","Giải thưởng kỳ thi chọn học sinh giỏi cấp tỉnh/TP:","") | G28: =IFERROR(IF(VLOOKUP(B28,'DANH SACH UEH'!$A$3:$FE$2228,18,0)="Không có","",VLOOKUP(B28,'DANH SACH UEH'!$A$3:$FE$2228,18,0)),"") | H28: =IFERROR(IF(VLOOKUP(B28,'DANH SACH UEH'!$A$3:$FE$2228,20,0)="Không có","",VLOOKUP(B28,'DANH SACH UEH'!$A$3:$FE$2228,20,0)),"") | I28: =IFERROR(IF(VLOOKUP(B28,'DANH SACH UEH'!$A$3:$FE$2228,19,0)="Không có","",VLOOKUP(B28,'DANH SACH UEH'!$A$3:$FE$2228,19,0)),"") | J28: =VLOOKUP(B28,'DANH SACH UEH'!$A$3:$FE$2228,6,0) -> 15/12/2006 | K28: =IF(VLOOKUP(B28,'DANH SACH UEH'!$A$3:$FE$2228,5,0)="1","Nữ","Nam") -> Nam | L28: =VLOOKUP(B28,'DANH SACH UEH'!$A$3:$FE$2228,14,0) -> Kinh | M28: =VLOOKUP(B28,'DANH SACH UEH'!$A$3:$FE$2228,7,0) -> trannhattuyen3@gmail.com | N28: =VLOOKUP(B28,'DANH SACH UEH'!$A$3:$FE$2228,8,0) -> 0363580108 | O28: =IFERROR(VLOOKUP(AE28,'DS TAO MAIL'!$D$3:$M$1120,5,0),"") | P28: =IFERROR(VLOOKUP(AE28,'DS TAO MAIL'!$D$3:$M$1120,8,0),"") | Q28: =IFERROR(VLOOKUP(AE28,'DS TAO MAIL'!$D$3:$M$1120,7,0),"") | R28: =IFERROR(VLOOKUP(AE28,'DS TAO MAIL'!$D$3:$M$1120,8,0),"") | S28: 70.28 | U28: 67.78 | V28: =IFERROR(IF(VLOOKUP(B28,'DANH SACH UEH'!$A$3:$FE$2228,27,0)="Không có","",IF(VLOOKUP(B28,'DANH SACH UEH'!$A$3:$FE$2228,29,0)<"6","",(VLOOKUP(B28,'DANH SACH UEH'!$A$3:$FE$2228,27,0)))),"") | W28: =IFERROR(IF(VLOOKUP(B28,'DANH SACH UEH'!$A$3:$FE$2228,29,0)<"6","",VLOOKUP(B28,'DANH SACH UEH'!$A$3:$FE$2228,29,0)),"") | X28: =IFERROR(IF(V28="","",VLOOKUP(B28,'DANH SACH UEH'!$A$3:$FE$2228,28,0)&""),"") | Z28: =VLOOKUP(B28,'DANH SACH UEH'!$A$3:$FE$2228,44,0) -> 7.43 | AA28: =VLOOKUP(B28,'DANH SACH UEH'!$A$3:$FE$2228,45,0) -> 7.81 | AB28: =VLOOKUP(B28,'DANH SACH UEH'!$A$3:$FE$2228,46,0) -> 8.06 | AE28: =VLOOKUP(B28,'DANH SACH UEH'!$A$3:$I$2229,4,0) -> TRẦN NHẬT TUYẾN | AF28: =VLOOKUP(B28,'DANH SACH UEH'!$A$3:$I$2229,8,0) -> 0363580108
A29: 28 | B29: 058307004501 | C29: =VLOOKUP(B29,'DANH SACH UEH'!$A$3:$FE$2228,2,0) -> KSVBS2631437 | D29: =IFERROR(VLOOKUP(B29,'DS NGHIEP VU BO'!$A$3:$BX$148,6,0),"") -> 79088789 | E29: =VLOOKUP(B29,'DS NGHIEP VU BO'!$A$3:$BX$148,45,0) -> Khánh Hoà | F29: =IF(G29<>"","Giải thưởng kỳ thi chọn học sinh giỏi cấp tỉnh/TP:","") | G29: =IFERROR(IF(VLOOKUP(B29,'DANH SACH UEH'!$A$3:$FE$2228,18,0)="Không có","",VLOOKUP(B29,'DANH SACH UEH'!$A$3:$FE$2228,18,0)),"") | H29: =IFERROR(IF(VLOOKUP(B29,'DANH SACH UEH'!$A$3:$FE$2228,20,0)="Không có","",VLOOKUP(B29,'DANH SACH UEH'!$A$3:$FE$2228,20,0)),"") | I29: =IFERROR(IF(VLOOKUP(B29,'DANH SACH UEH'!$A$3:$FE$2228,19,0)="Không có","",VLOOKUP(B29,'DANH SACH UEH'!$A$3:$FE$2228,19,0)),"") | J29: =VLOOKUP(B29,'DANH SACH UEH'!$A$3:$FE$2228,6,0) -> 08/02/2007 | K29: =IF(VLOOKUP(B29,'DANH SACH UEH'!$A$3:$FE$2228,5,0)="1","Nữ","Nam") -> Nữ | L29: =VLOOKUP(B29,'DANH SACH UEH'!$A$3:$FE$2228,14,0) -> Kinh | M29: =VLOOKUP(B29,'DANH SACH UEH'!$A$3:$FE$2228,7,0) -> votuyetle2007@gmail.com | N29: =VLOOKUP(B29,'DANH SACH UEH'!$A$3:$FE$2228,8,0) -> 0962190726 | O29: =IFERROR(VLOOKUP(AF29,'DS TAO MAIL'!$A$3:$M$1120,8,0),"") -> 31261570512 | P29: =IFERROR(VLOOKUP(AF29,'DS TAO MAIL'!$A$3:$M$1120,11,0),"") -> 54709450 | Q29: =IFERROR(VLOOKUP(AF29,'DS TAO MAIL'!$A$3:$M$1120,10,0),"") -> levo.31261570512@st.ueh.edu.vn | R29: =IFERROR(VLOOKUP(AF29,'DS TAO MAIL'!$A$3:$M$1120,11,0),"") -> 54709450 | S29: 84.49 | U29: 83.38 | V29: =IFERROR(IF(VLOOKUP(B29,'DANH SACH UEH'!$A$3:$FE$2228,27,0)="Không có","",IF(VLOOKUP(B29,'DANH SACH UEH'!$A$3:$FE$2228,29,0)<"6","",(VLOOKUP(B29,'DANH SACH UEH'!$A$3:$FE$2228,27,0)))),"") | W29: =IFERROR(IF(VLOOKUP(B29,'DANH SACH UEH'!$A$3:$FE$2228,29,0)<"6","",VLOOKUP(B29,'DANH SACH UEH'!$A$3:$FE$2228,29,0)),"") | X29: =IFERROR(IF(V29="","",VLOOKUP(B29,'DANH SACH UEH'!$A$3:$FE$2228,28,0)&""),"") | Z29: =VLOOKUP(B29,'DANH SACH UEH'!$A$3:$FE$2228,44,0) -> 7.48 | AA29: =VLOOKUP(B29,'DANH SACH UEH'!$A$3:$FE$2228,45,0) -> 7.71 | AB29: =VLOOKUP(B29,'DANH SACH UEH'!$A$3:$FE$2228,46,0) -> 7.58 | AE29: =VLOOKUP(B29,'DANH SACH UEH'!$A$3:$I$2229,4,0) -> VÕ TUYẾT LÊ | AF29: =VLOOKUP(B29,'DANH SACH UEH'!$A$3:$I$2229,8,0) -> 0962190726
A30: 29 | B30: 060308009190 | C30: =VLOOKUP(B30,'DANH SACH UEH'!$A$3:$FE$2228,2,0) -> KSVBS2643331 | D30: =IFERROR(VLOOKUP(B30,'DS NGHIEP VU BO'!$A$3:$BX$148,6,0),"") -> 68026368 | E30: =VLOOKUP(B30,'DS NGHIEP VU BO'!$A$3:$BX$148,45,0) -> Lâm Đồng | F30: =IF(G30<>"","Giải thưởng kỳ thi chọn học sinh giỏi cấp tỉnh/TP:","") | G30: =IFERROR(IF(VLOOKUP(B30,'DANH SACH UEH'!$A$3:$FE$2228,18,0)="Không có","",VLOOKUP(B30,'DANH SACH UEH'!$A$3:$FE$2228,18,0)),"") | H30: =IFERROR(IF(VLOOKUP(B30,'DANH SACH UEH'!$A$3:$FE$2228,20,0)="Không có","",VLOOKUP(B30,'DANH SACH UEH'!$A$3:$FE$2228,20,0)),"") | I30: =IFERROR(IF(VLOOKUP(B30,'DANH SACH UEH'!$A$3:$FE$2228,19,0)="Không có","",VLOOKUP(B30,'DANH SACH UEH'!$A$3:$FE$2228,19,0)),"") | J30: =VLOOKUP(B30,'DANH SACH UEH'!$A$3:$FE$2228,6,0) -> 08/04/2008 | K30: =IF(VLOOKUP(B30,'DANH SACH UEH'!$A$3:$FE$2228,5,0)="1","Nữ","Nam") -> Nữ | L30: =VLOOKUP(B30,'DANH SACH UEH'!$A$3:$FE$2228,14,0) -> Kinh | M30: =VLOOKUP(B30,'DANH SACH UEH'!$A$3:$FE$2228,7,0) -> ngocquyenbui.122@gmail.com | N30: =VLOOKUP(B30,'DANH SACH UEH'!$A$3:$FE$2228,8,0) -> 0395657508 | O30: =IFERROR(VLOOKUP(AF30,'DS TAO MAIL'!$A$3:$M$1120,8,0),"") -> 31261570524 | P30: =IFERROR(VLOOKUP(AF30,'DS TAO MAIL'!$A$3:$M$1120,11,0),"") -> 13239135 | Q30: =IFERROR(VLOOKUP(AF30,'DS TAO MAIL'!$A$3:$M$1120,10,0),"") -> quyenbui.31261570524@st.ueh.edu.vn | R30: =IFERROR(VLOOKUP(AF30,'DS TAO MAIL'!$A$3:$M$1120,11,0),"") -> 13239135 | S30: 90.48 | U30: 89.8 | V30: =IFERROR(IF(VLOOKUP(B30,'DANH SACH UEH'!$A$3:$FE$2228,27,0)="Không có","",IF(VLOOKUP(B30,'DANH SACH UEH'!$A$3:$FE$2228,29,0)<"6","",(VLOOKUP(B30,'DANH SACH UEH'!$A$3:$FE$2228,27,0)))),"") | W30: =IFERROR(IF(VLOOKUP(B30,'DANH SACH UEH'!$A$3:$FE$2228,29,0)<"6","",VLOOKUP(B30,'DANH SACH UEH'!$A$3:$FE$2228,29,0)),"") | X30: =IFERROR(IF(V30="","",VLOOKUP(B30,'DANH SACH UEH'!$A$3:$FE$2228,28,0)&""),"") | Z30: =VLOOKUP(B30,'DANH SACH UEH'!$A$3:$FE$2228,44,0) -> 8.42 | AA30: =VLOOKUP(B30,'DANH SACH UEH'!$A$3:$FE$2228,45,0) -> 8.83 | AB30: =VLOOKUP(B30,'DANH SACH UEH'!$A$3:$FE$2228,46,0) -> 8.92 | AE30: =VLOOKUP(B30,'DANH SACH UEH'!$A$3:$I$2229,4,0) -> BÙI VŨ NGỌC QUYÊN | AF30: =VLOOKUP(B30,'DANH SACH UEH'!$A$3:$I$2229,8,0) -> 0395657508
A31: 30 | B31: 066208001338 | C31: =VLOOKUP(B31,'DANH SACH UEH'!$A$3:$FE$2228,2,0) -> KSVBS2603875 | D31: =IFERROR(VLOOKUP(B31,'DS NGHIEP VU BO'!$A$3:$BX$148,6,0),"") -> 66018672 | E31: =VLOOKUP(B31,'DS NGHIEP VU BO'!$A$3:$BX$148,45,0) -> Đắk Lắk | F31: =IF(G31<>"","Giải thưởng kỳ thi chọn học sinh giỏi cấp tỉnh/TP:","") -> Giải thưởng kỳ thi chọn học sinh giỏi cấp tỉnh/TP: | G31: =IFERROR(IF(VLOOKUP(B31,'DANH SACH UEH'!$A$3:$FE$2228,18,0)="Không có","",VLOOKUP(B31,'DANH SACH UEH'!$A$3:$FE$2228,18,0)),"") -> Toán | H31: =IFERROR(IF(VLOOKUP(B31,'DANH SACH UEH'!$A$3:$FE$2228,20,0)="Không có","",VLOOKUP(B31,'DANH SACH UEH'!$A$3:$FE$2228,20,0)),"") -> Nhì | I31: =IFERROR(IF(VLOOKUP(B31,'DANH SACH UEH'!$A$3:$FE$2228,19,0)="Không có","",VLOOKUP(B31,'DANH SACH UEH'!$A$3:$FE$2228,19,0)),"") -> 2026 | J31: =VLOOKUP(B31,'DANH SACH UEH'!$A$3:$FE$2228,6,0) -> 21/12/2008 | K31: =IF(VLOOKUP(B31,'DANH SACH UEH'!$A$3:$FE$2228,5,0)="1","Nữ","Nam") -> Nam | L31: =VLOOKUP(B31,'DANH SACH UEH'!$A$3:$FE$2228,14,0) -> Kinh | M31: =VLOOKUP(B31,'DANH SACH UEH'!$A$3:$FE$2228,7,0) -> giapdang122108@gmail.com | N31: =VLOOKUP(B31,'DANH SACH UEH'!$A$3:$FE$2228,8,0) -> 0394044338 | O31: =IFERROR(VLOOKUP(AF31,'DS TAO MAIL'!$A$3:$M$1120,8,0),"") | P31: =IFERROR(VLOOKUP(AF31,'DS TAO MAIL'!$A$3:$M$1120,11,0),"") | Q31: =IFERROR(VLOOKUP(AF31,'DS TAO MAIL'!$A$3:$M$1120,10,0),"") | R31: =IFERROR(VLOOKUP(AF31,'DS TAO MAIL'!$A$3:$M$1120,11,0),"") | S31: 67.17 | U31: 65.5 | V31: =IFERROR(IF(VLOOKUP(B31,'DANH SACH UEH'!$A$3:$FE$2228,27,0)="Không có","",IF(VLOOKUP(B31,'DANH SACH UEH'!$A$3:$FE$2228,29,0)<"6","",(VLOOKUP(B31,'DANH SACH UEH'!$A$3:$FE$2228,27,0)))),"") | W31: =IFERROR(IF(VLOOKUP(B31,'DANH SACH UEH'!$A$3:$FE$2228,29,0)<"6","",VLOOKUP(B31,'DANH SACH UEH'!$A$3:$FE$2228,29,0)),"") | X31: =IFERROR(IF(V31="","",VLOOKUP(B31,'DANH SACH UEH'!$A$3:$FE$2228,28,0)&""),"") | Z31: =VLOOKUP(B31,'DANH SACH UEH'!$A$3:$FE$2228,44,0) -> 8.13 | AA31: =VLOOKUP(B31,'DANH SACH UEH'!$A$3:$FE$2228,45,0) -> 8.34 | AB31: =VLOOKUP(B31,'DANH SACH UEH'!$A$3:$FE$2228,46,0) -> 8.54 | AE31: =VLOOKUP(B31,'DANH SACH UEH'!$A$3:$I$2229,4,0) -> ĐẶNG NGUYÊN GIÁP | AF31: =VLOOKUP(B31,'DANH SACH UEH'!$A$3:$I$2229,8,0) -> 0394044338
A32: 31 | B32: 066208003927 | C32: =VLOOKUP(B32,'DANH SACH UEH'!$A$3:$FE$2228,2,0) -> KSVBS2622794 | D32: =IFERROR(VLOOKUP(B32,'DS NGHIEP VU BO'!$A$3:$BX$148,6,0),"") -> 66012019 | E32: =VLOOKUP(B32,'DS NGHIEP VU BO'!$A$3:$BX$148,45,0) -> Đắk Lắk | F32: =IF(G32<>"","Giải thưởng kỳ thi chọn học sinh giỏi cấp tỉnh/TP:","") | G32: =IFERROR(IF(VLOOKUP(B32,'DANH SACH UEH'!$A$3:$FE$2228,18,0)="Không có","",VLOOKUP(B32,'DANH SACH UEH'!$A$3:$FE$2228,18,0)),"") | H32: =IFERROR(IF(VLOOKUP(B32,'DANH SACH UEH'!$A$3:$FE$2228,20,0)="Không có","",VLOOKUP(B32,'DANH SACH UEH'!$A$3:$FE$2228,20,0)),"") | I32: =IFERROR(IF(VLOOKUP(B32,'DANH SACH UEH'!$A$3:$FE$2228,19,0)="Không có","",VLOOKUP(B32,'DANH SACH UEH'!$A$3:$FE$2228,19,0)),"") | J32: =VLOOKUP(B32,'DANH SACH UEH'!$A$3:$FE$2228,6,0) -> 07/12/2008 | K32: =IF(VLOOKUP(B32,'DANH SACH UEH'!$A$3:$FE$2228,5,0)="1","Nữ","Nam") -> Nam | L32: =VLOOKUP(B32,'DANH SACH UEH'!$A$3:$FE$2228,14,0) -> Kinh | M32: =VLOOKUP(B32,'DANH SACH UEH'!$A$3:$FE$2228,7,0) -> giathinh712@gmail.com | N32: =VLOOKUP(B32,'DANH SACH UEH'!$A$3:$FE$2228,8,0) -> 0373997476 | O32: =IFERROR(VLOOKUP(AE32,'DS TAO MAIL'!$D$3:$M$1120,5,0),"") -> 31261570483 | P32: =IFERROR(VLOOKUP(AE32,'DS TAO MAIL'!$D$3:$M$1120,8,0),"") -> 93249165 | Q32: =IFERROR(VLOOKUP(AE32,'DS TAO MAIL'!$D$3:$M$1120,7,0),"") -> thinhle.31261570483@st.ueh.edu.vn | R32: =IFERROR(VLOOKUP(AE32,'DS TAO MAIL'!$D$3:$M$1120,8,0),"") -> 93249165 | S32: 78.14 | U32: 76.58 | V32: =IFERROR(IF(VLOOKUP(B32,'DANH SACH UEH'!$A$3:$FE$2228,27,0)="Không có","",IF(VLOOKUP(B32,'DANH SACH UEH'!$A$3:$FE$2228,29,0)<"6","",(VLOOKUP(B32,'DANH SACH UEH'!$A$3:$FE$2228,27,0)))),"") | W32: =IFERROR(IF(VLOOKUP(B32,'DANH SACH UEH'!$A$3:$FE$2228,29,0)<"6","",VLOOKUP(B32,'DANH SACH UEH'!$A$3:$FE$2228,29,0)),"") | X32: =IFERROR(IF(V32="","",VLOOKUP(B32,'DANH SACH UEH'!$A$3:$FE$2228,28,0)&""),"") | Z32: =VLOOKUP(B32,'DANH SACH UEH'!$A$3:$FE$2228,44,0) -> 8.28 | AA32: =VLOOKUP(B32,'DANH SACH UEH'!$A$3:$FE$2228,45,0) -> 8.88 | AB32: =VLOOKUP(B32,'DANH SACH UEH'!$A$3:$FE$2228,46,0) -> 8.53 | AE32: =VLOOKUP(B32,'DANH SACH UEH'!$A$3:$I$2229,4,0) -> LÊ VĂN GIA THỊNH | AF32: =VLOOKUP(B32,'DANH SACH UEH'!$A$3:$I$2229,8,0) -> 0373997476
A33: 32 | B33: 066308009933 | C33: =VLOOKUP(B33,'DANH SACH UEH'!$A$3:$FE$2228,2,0) -> KSVBS2610292 | D33: =IFERROR(VLOOKUP(B33,'DS NGHIEP VU BO'!$A$3:$BX$148,6,0),"") -> 66012061 | E33: =VLOOKUP(B33,'DS NGHIEP VU BO'!$A$3:$BX$148,45,0) -> Đắk Lắk | F33: =IF(G33<>"","Giải thưởng kỳ thi chọn học sinh giỏi cấp tỉnh/TP:","") | G33: =IFERROR(IF(VLOOKUP(B33,'DANH SACH UEH'!$A$3:$FE$2228,18,0)="Không có","",VLOOKUP(B33,'DANH SACH UEH'!$A$3:$FE$2228,18,0)),"") | H33: =IFERROR(IF(VLOOKUP(B33,'DANH SACH UEH'!$A$3:$FE$2228,20,0)="Không có","",VLOOKUP(B33,'DANH SACH UEH'!$A$3:$FE$2228,20,0)),"") | I33: =IFERROR(IF(VLOOKUP(B33,'DANH SACH UEH'!$A$3:$FE$2228,19,0)="Không có","",VLOOKUP(B33,'DANH SACH UEH'!$A$3:$FE$2228,19,0)),"") | J33: =VLOOKUP(B33,'DANH SACH UEH'!$A$3:$FE$2228,6,0) -> 17/07/2008 | K33: =IF(VLOOKUP(B33,'DANH SACH UEH'!$A$3:$FE$2228,5,0)="1","Nữ","Nam") -> Nữ | L33: =VLOOKUP(B33,'DANH SACH UEH'!$A$3:$FE$2228,14,0) -> Kinh | M33: =VLOOKUP(B33,'DANH SACH UEH'!$A$3:$FE$2228,7,0) -> tramlebao118@gmail.com | N33: =VLOOKUP(B33,'DANH SACH UEH'!$A$3:$FE$2228,8,0) -> 0325730409 | O33: =IFERROR(VLOOKUP(AE33,'DS TAO MAIL'!$D$3:$M$1120,5,0),"") -> 31261570521 | P33: =IFERROR(VLOOKUP(AE33,'DS TAO MAIL'!$D$3:$M$1120,8,0),"") -> 94437458 | Q33: =IFERROR(VLOOKUP(AE33,'DS TAO MAIL'!$D$3:$M$1120,7,0),"") -> tramle.31261570521@st.ueh.edu.vn | R33: =IFERROR(VLOOKUP(AE33,'DS TAO MAIL'!$D$3:$M$1120,8,0),"") -> 94437458 | S33: 63.37 | U33: 61.7 | V33: =IFERROR(IF(VLOOKUP(B33,'DANH SACH UEH'!$A$3:$FE$2228,27,0)="Không có","",IF(VLOOKUP(B33,'DANH SACH UEH'!$A$3:$FE$2228,29,0)<"6","",(VLOOKUP(B33,'DANH SACH UEH'!$A$3:$FE$2228,27,0)))),"") | W33: =IFERROR(IF(VLOOKUP(B33,'DANH SACH UEH'!$A$3:$FE$2228,29,0)<"6","",VLOOKUP(B33,'DANH SACH UEH'!$A$3:$FE$2228,29,0)),"") | X33: =IFERROR(IF(V33="","",VLOOKUP(B33,'DANH SACH UEH'!$A$3:$FE$2228,28,0)&""),"") | Z33: =VLOOKUP(B33,'DANH SACH UEH'!$A$3:$FE$2228,44,0) -> 8.30 | AA33: =VLOOKUP(B33,'DANH SACH UEH'!$A$3:$FE$2228,45,0) -> 8.17 | AB33: =VLOOKUP(B33,'DANH SACH UEH'!$A$3:$FE$2228,46,0) -> 8.54 | AE33: =VLOOKUP(B33,'DANH SACH UEH'!$A$3:$I$2229,4,0) -> LÊ BẢO TRÂM | AF33: =VLOOKUP(B33,'DANH SACH UEH'!$A$3:$I$2229,8,0) -> 0325730409
A34: 33 | B34: 067308001789 | C34: =VLOOKUP(B34,'DANH SACH UEH'!$A$3:$FE$2228,2,0) -> KSVBS2641447 | D34: =IFERROR(VLOOKUP(B34,'DS NGHIEP VU BO'!$A$3:$BX$148,6,0),"") -> 68037533 | E34: =VLOOKUP(B34,'DS NGHIEP VU BO'!$A$3:$BX$148,45,0) -> Lâm Đồng | F34: =IF(G34<>"","Giải thưởng kỳ thi chọn học sinh giỏi cấp tỉnh/TP:","") | G34: =IFERROR(IF(VLOOKUP(B34,'DANH SACH UEH'!$A$3:$FE$2228,18,0)="Không có","",VLOOKUP(B34,'DANH SACH UEH'!$A$3:$FE$2228,18,0)),"") | H34: =IFERROR(IF(VLOOKUP(B34,'DANH SACH UEH'!$A$3:$FE$2228,20,0)="Không có","",VLOOKUP(B34,'DANH SACH UEH'!$A$3:$FE$2228,20,0)),"") | I34: =IFERROR(IF(VLOOKUP(B34,'DANH SACH UEH'!$A$3:$FE$2228,19,0)="Không có","",VLOOKUP(B34,'DANH SACH UEH'!$A$3:$FE$2228,19,0)),"") | J34: =VLOOKUP(B34,'DANH SACH UEH'!$A$3:$FE$2228,6,0) -> 29/04/2008 | K34: =IF(VLOOKUP(B34,'DANH SACH UEH'!$A$3:$FE$2228,5,0)="1","Nữ","Nam") -> Nữ | L34: =VLOOKUP(B34,'DANH SACH UEH'!$A$3:$FE$2228,14,0) -> Kinh | M34: =VLOOKUP(B34,'DANH SACH UEH'!$A$3:$FE$2228,7,0) -> vananhtrannguyen94@gmail.com | N34: =VLOOKUP(B34,'DANH SACH UEH'!$A$3:$FE$2228,8,0) -> 0333651011 | O34: =IFERROR(VLOOKUP(AE34,'DS TAO MAIL'!$D$3:$M$1120,5,0),"") -> 31261570518 | P34: =IFERROR(VLOOKUP(AE34,'DS TAO MAIL'!$D$3:$M$1120,8,0),"") -> 53102859 | Q34: =IFERROR(VLOOKUP(AE34,'DS TAO MAIL'!$D$3:$M$1120,7,0),"") -> anhtran.31261570518@st.ueh.edu.vn | R34: =IFERROR(VLOOKUP(AE34,'DS TAO MAIL'!$D$3:$M$1120,8,0),"") -> 53102859 | S34: 73.75 | U34: 72.92 | V34: =IFERROR(IF(VLOOKUP(B34,'DANH SACH UEH'!$A$3:$FE$2228,27,0)="Không có","",IF(VLOOKUP(B34,'DANH SACH UEH'!$A$3:$FE$2228,29,0)<"6","",(VLOOKUP(B34,'DANH SACH UEH'!$A$3:$FE$2228,27,0)))),"") | W34: =IFERROR(IF(VLOOKUP(B34,'DANH SACH UEH'!$A$3:$FE$2228,29,0)<"6","",VLOOKUP(B34,'DANH SACH UEH'!$A$3:$FE$2228,29,0)),"") | X34: =IFERROR(IF(V34="","",VLOOKUP(B34,'DANH SACH UEH'!$A$3:$FE$2228,28,0)&""),"") | Z34: =VLOOKUP(B34,'DANH SACH UEH'!$A$3:$FE$2228,44,0) -> 8.17 | AA34: =VLOOKUP(B34,'DANH SACH UEH'!$A$3:$FE$2228,45,0) -> 8.24 | AB34: =VLOOKUP(B34,'DANH SACH UEH'!$A$3:$FE$2228,46,0) -> 8.60 | AE34: =VLOOKUP(B34,'DANH SACH UEH'!$A$3:$I$2229,4,0) -> TRẦN NGUYỄN VÂN ANH | AF34: =VLOOKUP(B34,'DANH SACH UEH'!$A$3:$I$2229,8,0) -> 0333651011
A35: 34 | B35: 068208002791 | C35: =VLOOKUP(B35,'DANH SACH UEH'!$A$3:$FE$2228,2,0) -> KSVBS2620084 | D35: =IFERROR(VLOOKUP(B35,'DS NGHIEP VU BO'!$A$3:$BX$148,6,0),"") -> 68010239 | E35: =VLOOKUP(B35,'DS NGHIEP VU BO'!$A$3:$BX$148,45,0) -> Lâm Đồng | F35: =IF(G35<>"","Giải thưởng kỳ thi chọn học sinh giỏi cấp tỉnh/TP:","") | G35: =IFERROR(IF(VLOOKUP(B35,'DANH SACH UEH'!$A$3:$FE$2228,18,0)="Không có","",VLOOKUP(B35,'DANH SACH UEH'!$A$3:$FE$2228,18,0)),"") | H35: =IFERROR(IF(VLOOKUP(B35,'DANH SACH UEH'!$A$3:$FE$2228,20,0)="Không có","",VLOOKUP(B35,'DANH SACH UEH'!$A$3:$FE$2228,20,0)),"") | I35: =IFERROR(IF(VLOOKUP(B35,'DANH SACH UEH'!$A$3:$FE$2228,19,0)="Không có","",VLOOKUP(B35,'DANH SACH UEH'!$A$3:$FE$2228,19,0)),"") | J35: =VLOOKUP(B35,'DANH SACH UEH'!$A$3:$FE$2228,6,0) -> 23/12/2008 | K35: =IF(VLOOKUP(B35,'DANH SACH UEH'!$A$3:$FE$2228,5,0)="1","Nữ","Nam") -> Nam | L35: =VLOOKUP(B35,'DANH SACH UEH'!$A$3:$FE$2228,14,0) -> Kinh | M35: =VLOOKUP(B35,'DANH SACH UEH'!$A$3:$FE$2228,7,0) -> ndmphuong2312@gmail.com | N35: =VLOOKUP(B35,'DANH SACH UEH'!$A$3:$FE$2228,8,0) -> 0337891696 | O35: =IFERROR(VLOOKUP(AE35,'DS TAO MAIL'!$D$3:$M$1120,5,0),"") | P35: =IFERROR(VLOOKUP(AE35,'DS TAO MAIL'!$D$3:$M$1120,8,0),"") | Q35: =IFERROR(VLOOKUP(AE35,'DS TAO MAIL'!$D$3:$M$1120,7,0),"") | R35: =IFERROR(VLOOKUP(AE35,'DS TAO MAIL'!$D$3:$M$1120,8,0),"") | S35: 84.71 | U35: 83.62 | V35: =IFERROR(IF(VLOOKUP(B35,'DANH SACH UEH'!$A$3:$FE$2228,27,0)="Không có","",IF(VLOOKUP(B35,'DANH SACH UEH'!$A$3:$FE$2228,29,0)<"6","",(VLOOKUP(B35,'DANH SACH UEH'!$A$3:$FE$2228,27,0)))),"") | W35: =IFERROR(IF(VLOOKUP(B35,'DANH SACH UEH'!$A$3:$FE$2228,29,0)<"6","",VLOOKUP(B35,'DANH SACH UEH'!$A$3:$FE$2228,29,0)),"") | X35: =IFERROR(IF(V35="","",VLOOKUP(B35,'DANH SACH UEH'!$A$3:$FE$2228,28,0)&""),"") | Z35: =VLOOKUP(B35,'DANH SACH UEH'!$A$3:$FE$2228,44,0) -> 8.73 | AA35: =VLOOKUP(B35,'DANH SACH UEH'!$A$3:$FE$2228,45,0) -> 8.68 | AB35: =VLOOKUP(B35,'DANH SACH UEH'!$A$3:$FE$2228,46,0) -> 8.76 | AE35: =VLOOKUP(B35,'DANH SACH UEH'!$A$3:$I$2229,4,0) -> NGUYỄN DUY MINH PHƯƠNG | AF35: =VLOOKUP(B35,'DANH SACH UEH'!$A$3:$I$2229,8,0) -> 0337891696
A36: 35 | B36: 068208007545 | C36: =VLOOKUP(B36,'DANH SACH UEH'!$A$3:$FE$2228,2,0) -> KSVBS2604269 | D36: =IFERROR(VLOOKUP(B36,'DS NGHIEP VU BO'!$A$3:$BX$148,6,0),"") -> 68009037 | E36: =VLOOKUP(B36,'DS NGHIEP VU BO'!$A$3:$BX$148,45,0) -> Lâm Đồng | F36: =IF(G36<>"","Giải thưởng kỳ thi chọn học sinh giỏi cấp tỉnh/TP:","") -> Giải thưởng kỳ thi chọn học sinh giỏi cấp tỉnh/TP: | G36: =IFERROR(IF(VLOOKUP(B36,'DANH SACH UEH'!$A$3:$FE$2228,18,0)="Không có","",VLOOKUP(B36,'DANH SACH UEH'!$A$3:$FE$2228,18,0)),"") -> Toán | H36: =IFERROR(IF(VLOOKUP(B36,'DANH SACH UEH'!$A$3:$FE$2228,20,0)="Không có","",VLOOKUP(B36,'DANH SACH UEH'!$A$3:$FE$2228,20,0)),"") -> Ba | I36: =IFERROR(IF(VLOOKUP(B36,'DANH SACH UEH'!$A$3:$FE$2228,19,0)="Không có","",VLOOKUP(B36,'DANH SACH UEH'!$A$3:$FE$2228,19,0)),"") -> 2026 | J36: =VLOOKUP(B36,'DANH SACH UEH'!$A$3:$FE$2228,6,0) -> 12/02/2008 | K36: =IF(VLOOKUP(B36,'DANH SACH UEH'!$A$3:$FE$2228,5,0)="1","Nữ","Nam") -> Nam | L36: =VLOOKUP(B36,'DANH SACH UEH'!$A$3:$FE$2228,14,0) -> Kinh | M36: =VLOOKUP(B36,'DANH SACH UEH'!$A$3:$FE$2228,7,0) -> anhvecaki692@gmail.com | N36: =VLOOKUP(B36,'DANH SACH UEH'!$A$3:$FE$2228,8,0) -> 0352837789 | O36: =IFERROR(VLOOKUP(AE36,'DS TAO MAIL'!$D$3:$M$1120,5,0),"") | P36: =IFERROR(VLOOKUP(AE36,'DS TAO MAIL'!$D$3:$M$1120,8,0),"") | Q36: =IFERROR(VLOOKUP(AE36,'DS TAO MAIL'!$D$3:$M$1120,7,0),"") | R36: =IFERROR(VLOOKUP(AE36,'DS TAO MAIL'!$D$3:$M$1120,8,0),"") | S36: 71.09 | U36: 69.42 | V36: =IFERROR(IF(VLOOKUP(B36,'DANH SACH UEH'!$A$3:$FE$2228,27,0)="Không có","",IF(VLOOKUP(B36,'DANH SACH UEH'!$A$3:$FE$2228,29,0)<"6","",(VLOOKUP(B36,'DANH SACH UEH'!$A$3:$FE$2228,27,0)))),"") | W36: =IFERROR(IF(VLOOKUP(B36,'DANH SACH UEH'!$A$3:$FE$2228,29,0)<"6","",VLOOKUP(B36,'DANH SACH UEH'!$A$3:$FE$2228,29,0)),"") | X36: =IFERROR(IF(V36="","",VLOOKUP(B36,'DANH SACH UEH'!$A$3:$FE$2228,28,0)&""),"") | Z36: =VLOOKUP(B36,'DANH SACH UEH'!$A$3:$FE$2228,44,0) -> 8.96 | AA36: =VLOOKUP(B36,'DANH SACH UEH'!$A$3:$FE$2228,45,0) -> 8.86 | AB36: =VLOOKUP(B36,'DANH SACH UEH'!$A$3:$FE$2228,46,0) -> 8.51 | AE36: =VLOOKUP(B36,'DANH SACH UEH'!$A$3:$I$2229,4,0) -> NGUYỄN HOÀNG ANH | AF36: =VLOOKUP(B36,'DANH SACH UEH'!$A$3:$I$2229,8,0) -> 0352837789
A37: 36 | B37: 068208012324 | C37: =VLOOKUP(B37,'DANH SACH UEH'!$A$3:$FE$2228,2,0) -> KSVBS2608556 | D37: =IFERROR(VLOOKUP(B37,'DS NGHIEP VU BO'!$A$3:$BX$148,6,0),"") -> 68017988 | E37: =VLOOKUP(B37,'DS NGHIEP VU BO'!$A$3:$BX$148,45,0) -> Lâm Đồng | F37: =IF(G37<>"","Giải thưởng kỳ thi chọn học sinh giỏi cấp tỉnh/TP:","") | G37: =IFERROR(IF(VLOOKUP(B37,'DANH SACH UEH'!$A$3:$FE$2228,18,0)="Không có","",VLOOKUP(B37,'DANH SACH UEH'!$A$3:$FE$2228,18,0)),"") | H37: =IFERROR(IF(VLOOKUP(B37,'DANH SACH UEH'!$A$3:$FE$2228,20,0)="Không có","",VLOOKUP(B37,'DANH SACH UEH'!$A$3:$FE$2228,20,0)),"") | I37: =IFERROR(IF(VLOOKUP(B37,'DANH SACH UEH'!$A$3:$FE$2228,19,0)="Không có","",VLOOKUP(B37,'DANH SACH UEH'!$A$3:$FE$2228,19,0)),"") | J37: =VLOOKUP(B37,'DANH SACH UEH'!$A$3:$FE$2228,6,0) -> 29/12/2008 | K37: =IF(VLOOKUP(B37,'DANH SACH UEH'!$A$3:$FE$2228,5,0)="1","Nữ","Nam") -> Nam | L37: =VLOOKUP(B37,'DANH SACH UEH'!$A$3:$FE$2228,14,0) -> Kinh | M37: =VLOOKUP(B37,'DANH SACH UEH'!$A$3:$FE$2228,7,0) -> thienle.31261570410@st.ueh.edu.vn | N37: =VLOOKUP(B37,'DANH SACH UEH'!$A$3:$FE$2228,8,0) -> 0783615145 | O37: =IFERROR(VLOOKUP(AE37,'DS TAO MAIL'!$D$3:$M$1120,5,0),"") | P37: =IFERROR(VLOOKUP(AE37,'DS TAO MAIL'!$D$3:$M$1120,8,0),"") | Q37: =IFERROR(VLOOKUP(AE37,'DS TAO MAIL'!$D$3:$M$1120,7,0),"") | R37: =IFERROR(VLOOKUP(AE37,'DS TAO MAIL'!$D$3:$M$1120,8,0),"") | S37: 81.98 | U37: 81.98 | V37: =IFERROR(IF(VLOOKUP(B37,'DANH SACH UEH'!$A$3:$FE$2228,27,0)="Không có","",IF(VLOOKUP(B37,'DANH SACH UEH'!$A$3:$FE$2228,29,0)<"6","",(VLOOKUP(B37,'DANH SACH UEH'!$A$3:$FE$2228,27,0)))),"") | W37: =IFERROR(IF(VLOOKUP(B37,'DANH SACH UEH'!$A$3:$FE$2228,29,0)<"6","",VLOOKUP(B37,'DANH SACH UEH'!$A$3:$FE$2228,29,0)),"") | X37: =IFERROR(IF(V37="","",VLOOKUP(B37,'DANH SACH UEH'!$A$3:$FE$2228,28,0)&""),"") | Z37: =VLOOKUP(B37,'DANH SACH UEH'!$A$3:$FE$2228,44,0) -> 7.24 | AA37: =VLOOKUP(B37,'DANH SACH UEH'!$A$3:$FE$2228,45,0) -> 7.02 | AB37: =VLOOKUP(B37,'DANH SACH UEH'!$A$3:$FE$2228,46,0) -> 7.41 | AE37: =VLOOKUP(B37,'DANH SACH UEH'!$A$3:$I$2229,4,0) -> LÊ NGỌC THIỆN | AF37: =VLOOKUP(B37,'DANH SACH UEH'!$A$3:$I$2229,8,0) -> 0783615145
A38: 37 | B38: 068308007047 | C38: =VLOOKUP(B38,'DANH SACH UEH'!$A$3:$FE$2228,2,0) -> KSVBS2648890 | D38: =IFERROR(VLOOKUP(B38,'DS NGHIEP VU BO'!$A$3:$BX$148,6,0),"") -> 68017743 | E38: =VLOOKUP(B38,'DS NGHIEP VU BO'!$A$3:$BX$148,45,0) -> Lâm Đồng | F38: =IF(G38<>"","Giải thưởng kỳ thi chọn học sinh giỏi cấp tỉnh/TP:","") | G38: =IFERROR(IF(VLOOKUP(B38,'DANH SACH UEH'!$A$3:$FE$2228,18,0)="Không có","",VLOOKUP(B38,'DANH SACH UEH'!$A$3:$FE$2228,18,0)),"") | H38: =IFERROR(IF(VLOOKUP(B38,'DANH SACH UEH'!$A$3:$FE$2228,20,0)="Không có","",VLOOKUP(B38,'DANH SACH UEH'!$A$3:$FE$2228,20,0)),"") | I38: =IFERROR(IF(VLOOKUP(B38,'DANH SACH UEH'!$A$3:$FE$2228,19,0)="Không có","",VLOOKUP(B38,'DANH SACH UEH'!$A$3:$FE$2228,19,0)),"") | J38: =VLOOKUP(B38,'DANH SACH UEH'!$A$3:$FE$2228,6,0) -> 18/03/2008 | K38: =IF(VLOOKUP(B38,'DANH SACH UEH'!$A$3:$FE$2228,5,0)="1","Nữ","Nam") -> Nữ | L38: =VLOOKUP(B38,'DANH SACH UEH'!$A$3:$FE$2228,14,0) -> Kinh | M38: =VLOOKUP(B38,'DANH SACH UEH'!$A$3:$FE$2228,7,0) -> tranthihaiha2008@gmail.com | N38: =VLOOKUP(B38,'DANH SACH UEH'!$A$3:$FE$2228,8,0) -> 0943853915 | O38: =IFERROR(VLOOKUP(AE38,'DS TAO MAIL'!$D$3:$M$1120,5,0),"") -> 31261570498 | P38: =IFERROR(VLOOKUP(AE38,'DS TAO MAIL'!$D$3:$M$1120,8,0),"") -> 46618392 | Q38: =IFERROR(VLOOKUP(AE38,'DS TAO MAIL'!$D$3:$M$1120,7,0),"") -> hatran.31261570498@st.ueh.edu.vn | R38: =IFERROR(VLOOKUP(AE38,'DS TAO MAIL'!$D$3:$M$1120,8,0),"") -> 46618392 | S38: 63.02 | U38: 63.02 | V38: =IFERROR(IF(VLOOKUP(B38,'DANH SACH UEH'!$A$3:$FE$2228,27,0)="Không có","",IF(VLOOKUP(B38,'DANH SACH UEH'!$A$3:$FE$2228,29,0)<"6","",(VLOOKUP(B38,'DANH SACH UEH'!$A$3:$FE$2228,27,0)))),"") | W38: =IFERROR(IF(VLOOKUP(B38,'DANH SACH UEH'!$A$3:$FE$2228,29,0)<"6","",VLOOKUP(B38,'DANH SACH UEH'!$A$3:$FE$2228,29,0)),"") | X38: =IFERROR(IF(V38="","",VLOOKUP(B38,'DANH SACH UEH'!$A$3:$FE$2228,28,0)&""),"") | Z38: =VLOOKUP(B38,'DANH SACH UEH'!$A$3:$FE$2228,44,0) -> 8.70 | AA38: =VLOOKUP(B38,'DANH SACH UEH'!$A$3:$FE$2228,45,0) -> 8.56 | AB38: =VLOOKUP(B38,'DANH SACH UEH'!$A$3:$FE$2228,46,0) -> 8.94 | AE38: =VLOOKUP(B38,'DANH SACH UEH'!$A$3:$I$2229,4,0) -> TRẦN THỊ HẢI HÀ | AF38: =VLOOKUP(B38,'DANH SACH UEH'!$A$3:$I$2229,8,0) -> 0943853915
A39: 38 | B39: 075308018302 | C39: =VLOOKUP(B39,'DANH SACH UEH'!$A$3:$FE$2228,2,0) -> KSVBS2631425 | D39: =IFERROR(VLOOKUP(B39,'DS NGHIEP VU BO'!$A$3:$BX$148,6,0),"") -> 75021250 | E39: =VLOOKUP(B39,'DS NGHIEP VU BO'!$A$3:$BX$148,45,0) -> TP. Đồng Nai | F39: =IF(G39<>"","Giải thưởng kỳ thi chọn học sinh giỏi cấp tỉnh/TP:","") | G39: =IFERROR(IF(VLOOKUP(B39,'DANH SACH UEH'!$A$3:$FE$2228,18,0)="Không có","",VLOOKUP(B39,'DANH SACH UEH'!$A$3:$FE$2228,18,0)),"") | H39: =IFERROR(IF(VLOOKUP(B39,'DANH SACH UEH'!$A$3:$FE$2228,20,0)="Không có","",VLOOKUP(B39,'DANH SACH UEH'!$A$3:$FE$2228,20,0)),"") | I39: =IFERROR(IF(VLOOKUP(B39,'DANH SACH UEH'!$A$3:$FE$2228,19,0)="Không có","",VLOOKUP(B39,'DANH SACH UEH'!$A$3:$FE$2228,19,0)),"") | J39: =VLOOKUP(B39,'DANH SACH UEH'!$A$3:$FE$2228,6,0) -> 28/01/2008 | K39: =IF(VLOOKUP(B39,'DANH SACH UEH'!$A$3:$FE$2228,5,0)="1","Nữ","Nam") -> Nữ | L39: =VLOOKUP(B39,'DANH SACH UEH'!$A$3:$FE$2228,14,0) -> Kinh | M39: =VLOOKUP(B39,'DANH SACH UEH'!$A$3:$FE$2228,7,0) -> trngtranh830@gmail.com | N39: =VLOOKUP(B39,'DANH SACH UEH'!$A$3:$FE$2228,8,0) -> 0969555623 | O39: =IFERROR(VLOOKUP(AE39,'DS TAO MAIL'!$D$3:$M$1120,5,0),"") -> 31261570522 | P39: =IFERROR(VLOOKUP(AE39,'DS TAO MAIL'!$D$3:$M$1120,8,0),"") -> 36540494 | Q39: =IFERROR(VLOOKUP(AE39,'DS TAO MAIL'!$D$3:$M$1120,7,0),"") -> anhtran.31261570522@st.ueh.edu.vn | R39: =IFERROR(VLOOKUP(AE39,'DS TAO MAIL'!$D$3:$M$1120,8,0),"") -> 36540494 | S39: 66.11 | U39: 65.28 | V39: =IFERROR(IF(VLOOKUP(B39,'DANH SACH UEH'!$A$3:$FE$2228,27,0)="Không có","",IF(VLOOKUP(B39,'DANH SACH UEH'!$A$3:$FE$2228,29,0)<"6","",(VLOOKUP(B39,'DANH SACH UEH'!$A$3:$FE$2228,27,0)))),"") | W39: =IFERROR(IF(VLOOKUP(B39,'DANH SACH UEH'!$A$3:$FE$2228,29,0)<"6","",VLOOKUP(B39,'DANH SACH UEH'!$A$3:$FE$2228,29,0)),"") | X39: =IFERROR(IF(V39="","",VLOOKUP(B39,'DANH SACH UEH'!$A$3:$FE$2228,28,0)&""),"") | Z39: =VLOOKUP(B39,'DANH SACH UEH'!$A$3:$FE$2228,44,0) -> 7.07 | AA39: =VLOOKUP(B39,'DANH SACH UEH'!$A$3:$FE$2228,45,0) -> 7.29 | AB39: =VLOOKUP(B39,'DANH SACH UEH'!$A$3:$FE$2228,46,0) -> 7.13 | AE39: =VLOOKUP(B39,'DANH SACH UEH'!$A$3:$I$2229,4,0) -> TRẦN NGUYỄN TRÂM ANH | AF39: =VLOOKUP(B39,'DANH SACH UEH'!$A$3:$I$2229,8,0) -> 0969555623
A40: 39 | B40: 075308023084 | C40: =VLOOKUP(B40,'DANH SACH UEH'!$A$3:$FE$2228,2,0) -> KSVBS2610916 | D40: =IFERROR(VLOOKUP(B40,'DS NGHIEP VU BO'!$A$3:$BX$148,6,0),"") -> 75006920 | E40: =VLOOKUP(B40,'DS NGHIEP VU BO'!$A$3:$BX$148,45,0) -> TP. Đồng Nai | F40: =IF(G40<>"","Giải thưởng kỳ thi chọn học sinh giỏi cấp tỉnh/TP:","") | G40: =IFERROR(IF(VLOOKUP(B40,'DANH SACH UEH'!$A$3:$FE$2228,18,0)="Không có","",VLOOKUP(B40,'DANH SACH UEH'!$A$3:$FE$2228,18,0)),"") | H40: =IFERROR(IF(VLOOKUP(B40,'DANH SACH UEH'!$A$3:$FE$2228,20,0)="Không có","",VLOOKUP(B40,'DANH SACH UEH'!$A$3:$FE$2228,20,0)),"") | I40: =IFERROR(IF(VLOOKUP(B40,'DANH SACH UEH'!$A$3:$FE$2228,19,0)="Không có","",VLOOKUP(B40,'DANH SACH UEH'!$A$3:$FE$2228,19,0)),"") | J40: =VLOOKUP(B40,'DANH SACH UEH'!$A$3:$FE$2228,6,0) -> 04/06/2008 | K40: =IF(VLOOKUP(B40,'DANH SACH UEH'!$A$3:$FE$2228,5,0)="1","Nữ","Nam") -> Nữ | L40: =VLOOKUP(B40,'DANH SACH UEH'!$A$3:$FE$2228,14,0) -> Kinh | M40: =VLOOKUP(B40,'DANH SACH UEH'!$A$3:$FE$2228,7,0) -> nguyenhathuylinh8@gmail.com | N40: =VLOOKUP(B40,'DANH SACH UEH'!$A$3:$FE$2228,8,0) -> 0973900764 | O40: =IFERROR(VLOOKUP(AF40,'DS TAO MAIL'!$A$3:$M$1120,8,0),"") -> 31261570435 | P40: =IFERROR(VLOOKUP(AF40,'DS TAO MAIL'!$A$3:$M$1120,11,0),"") -> 51765438 | Q40: =IFERROR(VLOOKUP(AF40,'DS TAO MAIL'!$A$3:$M$1120,10,0),"") -> linhnguyen.31261570435@st.ueh.edu.vn | R40: =IFERROR(VLOOKUP(AF40,'DS TAO MAIL'!$A$3:$M$1120,11,0),"") -> 51765438 | S40: 69.51 | U40: 68.68 | V40: =IFERROR(IF(VLOOKUP(B40,'DANH SACH UEH'!$A$3:$FE$2228,27,0)="Không có","",IF(VLOOKUP(B40,'DANH SACH UEH'!$A$3:$FE$2228,29,0)<"6","",(VLOOKUP(B40,'DANH SACH UEH'!$A$3:$FE$2228,27,0)))),"") | W40: =IFERROR(IF(VLOOKUP(B40,'DANH SACH UEH'!$A$3:$FE$2228,29,0)<"6","",VLOOKUP(B40,'DANH SACH UEH'!$A$3:$FE$2228,29,0)),"") | X40: =IFERROR(IF(V40="","",VLOOKUP(B40,'DANH SACH UEH'!$A$3:$FE$2228,28,0)&""),"") | Z40: =VLOOKUP(B40,'DANH SACH UEH'!$A$3:$FE$2228,44,0) -> 7.72 | AA40: =VLOOKUP(B40,'DANH SACH UEH'!$A$3:$FE$2228,45,0) -> 7.79 | AB40: =VLOOKUP(B40,'DANH SACH UEH'!$A$3:$FE$2228,46,0) -> 7.69 | AE40: =VLOOKUP(B40,'DANH SACH UEH'!$A$3:$I$2229,4,0) -> NGUYỄN THÙY LINH | AF40: =VLOOKUP(B40,'DANH SACH UEH'!$A$3:$I$2229,8,0) -> 0973900764
A41: 40 | B41: 077208001964 | C41: =VLOOKUP(B41,'DANH SACH UEH'!$A$3:$FE$2228,2,0) -> KSVBS2622915 | D41: =IFERROR(VLOOKUP(B41,'DS NGHIEP VU BO'!$A$3:$BX$148,6,0),"") -> 79134235 | E41: =VLOOKUP(B41,'DS NGHIEP VU BO'!$A$3:$BX$148,45,0) -> Tp. Hồ Chí Minh | F41: =IF(G41<>"","Giải thưởng kỳ thi chọn học sinh giỏi cấp tỉnh/TP:","") | G41: =IFERROR(IF(VLOOKUP(B41,'DANH SACH UEH'!$A$3:$FE$2228,18,0)="Không có","",VLOOKUP(B41,'DANH SACH UEH'!$A$3:$FE$2228,18,0)),"") | H41: =IFERROR(IF(VLOOKUP(B41,'DANH SACH UEH'!$A$3:$FE$2228,20,0)="Không có","",VLOOKUP(B41,'DANH SACH UEH'!$A$3:$FE$2228,20,0)),"") | I41: =IFERROR(IF(VLOOKUP(B41,'DANH SACH UEH'!$A$3:$FE$2228,19,0)="Không có","",VLOOKUP(B41,'DANH SACH UEH'!$A$3:$FE$2228,19,0)),"") | J41: =VLOOKUP(B41,'DANH SACH UEH'!$A$3:$FE$2228,6,0) -> 18/04/2008 | K41: =IF(VLOOKUP(B41,'DANH SACH UEH'!$A$3:$FE$2228,5,0)="1","Nữ","Nam") -> Nam | L41: =VLOOKUP(B41,'DANH SACH UEH'!$A$3:$FE$2228,14,0) -> Kinh | M41: =VLOOKUP(B41,'DANH SACH UEH'!$A$3:$FE$2228,7,0) -> kimtrienbui@gmail.com | N41: =VLOOKUP(B41,'DANH SACH UEH'!$A$3:$FE$2228,8,0) -> 0792392660 | O41: =IFERROR(VLOOKUP(AE41,'DS TAO MAIL'!$D$3:$M$1120,5,0),"") -> 31261570471 | P41: =IFERROR(VLOOKUP(AE41,'DS TAO MAIL'!$D$3:$M$1120,8,0),"") -> 48630710 | Q41: =IFERROR(VLOOKUP(AE41,'DS TAO MAIL'!$D$3:$M$1120,7,0),"") -> trienbui.31261570471@st.ueh.edu.vn | R41: =IFERROR(VLOOKUP(AE41,'DS TAO MAIL'!$D$3:$M$1120,8,0),"") -> 48630710 | S41: 77.68 | U41: 76.08 | V41: =IFERROR(IF(VLOOKUP(B41,'DANH SACH UEH'!$A$3:$FE$2228,27,0)="Không có","",IF(VLOOKUP(B41,'DANH SACH UEH'!$A$3:$FE$2228,29,0)<"6","",(VLOOKUP(B41,'DANH SACH UEH'!$A$3:$FE$2228,27,0)))),"") | W41: =IFERROR(IF(VLOOKUP(B41,'DANH SACH UEH'!$A$3:$FE$2228,29,0)<"6","",VLOOKUP(B41,'DANH SACH UEH'!$A$3:$FE$2228,29,0)),"") | X41: =IFERROR(IF(V41="","",VLOOKUP(B41,'DANH SACH UEH'!$A$3:$FE$2228,28,0)&""),"") | Z41: =VLOOKUP(B41,'DANH SACH UEH'!$A$3:$FE$2228,44,0) -> 8.47 | AA41: =VLOOKUP(B41,'DANH SACH UEH'!$A$3:$FE$2228,45,0) -> 8.73 | AB41: =VLOOKUP(B41,'DANH SACH UEH'!$A$3:$FE$2228,46,0) -> 8.42 | AE41: =VLOOKUP(B41,'DANH SACH UEH'!$A$3:$I$2229,4,0) -> BÙI KIM TRIỂN | AF41: =VLOOKUP(B41,'DANH SACH UEH'!$A$3:$I$2229,8,0) -> 0792392660
A42: 41 | B42: 077308001983 | C42: =VLOOKUP(B42,'DANH SACH UEH'!$A$3:$FE$2228,2,0) -> KSVBS2608241 | D42: =IFERROR(VLOOKUP(B42,'DS NGHIEP VU BO'!$A$3:$BX$148,6,0),"") -> 79133877 | E42: =VLOOKUP(B42,'DS NGHIEP VU BO'!$A$3:$BX$148,45,0) -> Tp. Hồ Chí Minh | F42: =IF(G42<>"","Giải thưởng kỳ thi chọn học sinh giỏi cấp tỉnh/TP:","") | G42: =IFERROR(IF(VLOOKUP(B42,'DANH SACH UEH'!$A$3:$FE$2228,18,0)="Không có","",VLOOKUP(B42,'DANH SACH UEH'!$A$3:$FE$2228,18,0)),"") | H42: =IFERROR(IF(VLOOKUP(B42,'DANH SACH UEH'!$A$3:$FE$2228,20,0)="Không có","",VLOOKUP(B42,'DANH SACH UEH'!$A$3:$FE$2228,20,0)),"") | I42: =IFERROR(IF(VLOOKUP(B42,'DANH SACH UEH'!$A$3:$FE$2228,19,0)="Không có","",VLOOKUP(B42,'DANH SACH UEH'!$A$3:$FE$2228,19,0)),"") | J42: =VLOOKUP(B42,'DANH SACH UEH'!$A$3:$FE$2228,6,0) -> 12/07/2008 | K42: =IF(VLOOKUP(B42,'DANH SACH UEH'!$A$3:$FE$2228,5,0)="1","Nữ","Nam") -> Nữ | L42: =VLOOKUP(B42,'DANH SACH UEH'!$A$3:$FE$2228,14,0) -> Kinh | M42: =VLOOKUP(B42,'DANH SACH UEH'!$A$3:$FE$2228,7,0) -> vuleequynhanh1278@gmail.com | N42: =VLOOKUP(B42,'DANH SACH UEH'!$A$3:$FE$2228,8,0) -> 0937640023 | O42: =IFERROR(VLOOKUP(AF42,'DS TAO MAIL'!$A$3:$M$1120,8,0),"") | P42: =IFERROR(VLOOKUP(AF42,'DS TAO MAIL'!$A$3:$M$1120,11,0),"") | Q42: =IFERROR(VLOOKUP(AF42,'DS TAO MAIL'!$A$3:$M$1120,10,0),"") | R42: =IFERROR(VLOOKUP(AF42,'DS TAO MAIL'!$A$3:$M$1120,11,0),"") | S42: 76.91 | U42: 76.12 | V42: =IFERROR(IF(VLOOKUP(B42,'DANH SACH UEH'!$A$3:$FE$2228,27,0)="Không có","",IF(VLOOKUP(B42,'DANH SACH UEH'!$A$3:$FE$2228,29,0)<"6","",(VLOOKUP(B42,'DANH SACH UEH'!$A$3:$FE$2228,27,0)))),"") | W42: =IFERROR(IF(VLOOKUP(B42,'DANH SACH UEH'!$A$3:$FE$2228,29,0)<"6","",VLOOKUP(B42,'DANH SACH UEH'!$A$3:$FE$2228,29,0)),"") | X42: =IFERROR(IF(V42="","",VLOOKUP(B42,'DANH SACH UEH'!$A$3:$FE$2228,28,0)&""),"") | Z42: =VLOOKUP(B42,'DANH SACH UEH'!$A$3:$FE$2228,44,0) -> 7.57 | AA42: =VLOOKUP(B42,'DANH SACH UEH'!$A$3:$FE$2228,45,0) -> 7.88 | AB42: =VLOOKUP(B42,'DANH SACH UEH'!$A$3:$FE$2228,46,0) -> 8.21 | AE42: =VLOOKUP(B42,'DANH SACH UEH'!$A$3:$I$2229,4,0) -> VŨ LÊ QUỲNH ANH | AF42: =VLOOKUP(B42,'DANH SACH UEH'!$A$3:$I$2229,8,0) -> 0937640023
A43: 42 | B43: 079308009276 | C43: =VLOOKUP(B43,'DANH SACH UEH'!$A$3:$FE$2228,2,0) -> KSVBS2640309 | D43: =IFERROR(VLOOKUP(B43,'DS NGHIEP VU BO'!$A$3:$BX$148,6,0),"") -> 79055743 | E43: =VLOOKUP(B43,'DS NGHIEP VU BO'!$A$3:$BX$148,45,0) -> Tp. Hồ Chí Minh | F43: =IF(G43<>"","Giải thưởng kỳ thi chọn học sinh giỏi cấp tỉnh/TP:","") | G43: =IFERROR(IF(VLOOKUP(B43,'DANH SACH UEH'!$A$3:$FE$2228,18,0)="Không có","",VLOOKUP(B43,'DANH SACH UEH'!$A$3:$FE$2228,18,0)),"") | H43: =IFERROR(IF(VLOOKUP(B43,'DANH SACH UEH'!$A$3:$FE$2228,20,0)="Không có","",VLOOKUP(B43,'DANH SACH UEH'!$A$3:$FE$2228,20,0)),"") | I43: =IFERROR(IF(VLOOKUP(B43,'DANH SACH UEH'!$A$3:$FE$2228,19,0)="Không có","",VLOOKUP(B43,'DANH SACH UEH'!$A$3:$FE$2228,19,0)),"") | J43: =VLOOKUP(B43,'DANH SACH UEH'!$A$3:$FE$2228,6,0) -> 14/04/2008 | K43: =IF(VLOOKUP(B43,'DANH SACH UEH'!$A$3:$FE$2228,5,0)="1","Nữ","Nam") -> Nữ | L43: =VLOOKUP(B43,'DANH SACH UEH'!$A$3:$FE$2228,14,0) -> Kinh | M43: =VLOOKUP(B43,'DANH SACH UEH'!$A$3:$FE$2228,7,0) -> nguyentranyennhi140408@gmail.com | N43: =VLOOKUP(B43,'DANH SACH UEH'!$A$3:$FE$2228,8,0) -> 0845696526 | O43: =IFERROR(VLOOKUP(AE43,'DS TAO MAIL'!$D$3:$M$1120,5,0),"") -> 31261570493 | P43: =IFERROR(VLOOKUP(AE43,'DS TAO MAIL'!$D$3:$M$1120,8,0),"") -> 58072374 | Q43: =IFERROR(VLOOKUP(AE43,'DS TAO MAIL'!$D$3:$M$1120,7,0),"") -> nhinguyen.31261570493@st.ueh.edu.vn | R43: =IFERROR(VLOOKUP(AE43,'DS TAO MAIL'!$D$3:$M$1120,8,0),"") -> 58072374 | S43: 67.23 | U43: 65.56 | V43: =IFERROR(IF(VLOOKUP(B43,'DANH SACH UEH'!$A$3:$FE$2228,27,0)="Không có","",IF(VLOOKUP(B43,'DANH SACH UEH'!$A$3:$FE$2228,29,0)<"6","",(VLOOKUP(B43,'DANH SACH UEH'!$A$3:$FE$2228,27,0)))),"") -> IELTS | W43: =IFERROR(IF(VLOOKUP(B43,'DANH SACH UEH'!$A$3:$FE$2228,29,0)<"6","",VLOOKUP(B43,'DANH SACH UEH'!$A$3:$FE$2228,29,0)),"") -> 6.5 | X43: =IFERROR(IF(V43="","",VLOOKUP(B43,'DANH SACH UEH'!$A$3:$FE$2228,28,0)&""),"") -> 30/05/2026 | Z43: =VLOOKUP(B43,'DANH SACH UEH'!$A$3:$FE$2228,44,0) -> 9.39 | AA43: =VLOOKUP(B43,'DANH SACH UEH'!$A$3:$FE$2228,45,0) -> 9.29 | AB43: =VLOOKUP(B43,'DANH SACH UEH'!$A$3:$FE$2228,46,0) -> 9.42 | AE43: =VLOOKUP(B43,'DANH SACH UEH'!$A$3:$I$2229,4,0) -> NGUYỄN TRẦN YẾN NHI | AF43: =VLOOKUP(B43,'DANH SACH UEH'!$A$3:$I$2229,8,0) -> 0845696526
A44: 43 | B44: 079308028343 | C44: =VLOOKUP(B44,'DANH SACH UEH'!$A$3:$FE$2228,2,0) -> KSVBS2615477 | D44: =IFERROR(VLOOKUP(B44,'DS NGHIEP VU BO'!$A$3:$BX$148,6,0),"") -> 79007817 | E44: =VLOOKUP(B44,'DS NGHIEP VU BO'!$A$3:$BX$148,45,0) -> Tp. Hồ Chí Minh | F44: =IF(G44<>"","Giải thưởng kỳ thi chọn học sinh giỏi cấp tỉnh/TP:","") | G44: =IFERROR(IF(VLOOKUP(B44,'DANH SACH UEH'!$A$3:$FE$2228,18,0)="Không có","",VLOOKUP(B44,'DANH SACH UEH'!$A$3:$FE$2228,18,0)),"") | H44: =IFERROR(IF(VLOOKUP(B44,'DANH SACH UEH'!$A$3:$FE$2228,20,0)="Không có","",VLOOKUP(B44,'DANH SACH UEH'!$A$3:$FE$2228,20,0)),"") | I44: =IFERROR(IF(VLOOKUP(B44,'DANH SACH UEH'!$A$3:$FE$2228,19,0)="Không có","",VLOOKUP(B44,'DANH SACH UEH'!$A$3:$FE$2228,19,0)),"") | J44: =VLOOKUP(B44,'DANH SACH UEH'!$A$3:$FE$2228,6,0) -> 02/01/2008 | K44: =IF(VLOOKUP(B44,'DANH SACH UEH'!$A$3:$FE$2228,5,0)="1","Nữ","Nam") -> Nữ | L44: =VLOOKUP(B44,'DANH SACH UEH'!$A$3:$FE$2228,14,0) -> Kinh | M44: =VLOOKUP(B44,'DANH SACH UEH'!$A$3:$FE$2228,7,0) -> thanhnam08071995@gmail.com | N44: =VLOOKUP(B44,'DANH SACH UEH'!$A$3:$FE$2228,8,0) -> 0327138283 | O44: =IFERROR(VLOOKUP(AF44,'DS TAO MAIL'!$A$3:$M$1120,8,0),"") -> 31261570525 | P44: =IFERROR(VLOOKUP(AF44,'DS TAO MAIL'!$A$3:$M$1120,11,0),"") -> 92200883 | Q44: =IFERROR(VLOOKUP(AF44,'DS TAO MAIL'!$A$3:$M$1120,10,0),"") -> khanhnguyen.31261570525@st.ueh.edu.vn | R44: =IFERROR(VLOOKUP(AF44,'DS TAO MAIL'!$A$3:$M$1120,11,0),"") -> 92200883 | S44: 75.57 | U44: 73.9 | V44: =IFERROR(IF(VLOOKUP(B44,'DANH SACH UEH'!$A$3:$FE$2228,27,0)="Không có","",IF(VLOOKUP(B44,'DANH SACH UEH'!$A$3:$FE$2228,29,0)<"6","",(VLOOKUP(B44,'DANH SACH UEH'!$A$3:$FE$2228,27,0)))),"") | W44: =IFERROR(IF(VLOOKUP(B44,'DANH SACH UEH'!$A$3:$FE$2228,29,0)<"6","",VLOOKUP(B44,'DANH SACH UEH'!$A$3:$FE$2228,29,0)),"") | X44: =IFERROR(IF(V44="","",VLOOKUP(B44,'DANH SACH UEH'!$A$3:$FE$2228,28,0)&""),"") | Z44: =VLOOKUP(B44,'DANH SACH UEH'!$A$3:$FE$2228,44,0) -> 6.51 | AA44: =VLOOKUP(B44,'DANH SACH UEH'!$A$3:$FE$2228,45,0) -> 7.61 | AB44: =VLOOKUP(B44,'DANH SACH UEH'!$A$3:$FE$2228,46,0) -> 8.01 | AE44: =VLOOKUP(B44,'DANH SACH UEH'!$A$3:$I$2229,4,0) -> NGUYỄN MAI KHANH | AF44: =VLOOKUP(B44,'DANH SACH UEH'!$A$3:$I$2229,8,0) -> 0327138283
A45: 44 | B45: 079308035195 | C45: =VLOOKUP(B45,'DANH SACH UEH'!$A$3:$FE$2228,2,0) -> KSVBS2613129 | D45: =IFERROR(VLOOKUP(B45,'DS NGHIEP VU BO'!$A$3:$BX$148,6,0),"") -> 79086650 | E45: =VLOOKUP(B45,'DS NGHIEP VU BO'!$A$3:$BX$148,45,0) -> Tp. Hồ Chí Minh | F45: =IF(G45<>"","Giải thưởng kỳ thi chọn học sinh giỏi cấp tỉnh/TP:","") | G45: =IFERROR(IF(VLOOKUP(B45,'DANH SACH UEH'!$A$3:$FE$2228,18,0)="Không có","",VLOOKUP(B45,'DANH SACH UEH'!$A$3:$FE$2228,18,0)),"") | H45: =IFERROR(IF(VLOOKUP(B45,'DANH SACH UEH'!$A$3:$FE$2228,20,0)="Không có","",VLOOKUP(B45,'DANH SACH UEH'!$A$3:$FE$2228,20,0)),"") | I45: =IFERROR(IF(VLOOKUP(B45,'DANH SACH UEH'!$A$3:$FE$2228,19,0)="Không có","",VLOOKUP(B45,'DANH SACH UEH'!$A$3:$FE$2228,19,0)),"") | J45: =VLOOKUP(B45,'DANH SACH UEH'!$A$3:$FE$2228,6,0) -> 02/04/2008 | K45: =IF(VLOOKUP(B45,'DANH SACH UEH'!$A$3:$FE$2228,5,0)="1","Nữ","Nam") -> Nữ | L45: =VLOOKUP(B45,'DANH SACH UEH'!$A$3:$FE$2228,14,0) -> Kinh | M45: =VLOOKUP(B45,'DANH SACH UEH'!$A$3:$FE$2228,7,0) -> hoaithuongg242008@gmail.com | N45: =VLOOKUP(B45,'DANH SACH UEH'!$A$3:$FE$2228,8,0) -> 0908530645 | O45: =IFERROR(VLOOKUP(AE45,'DS TAO MAIL'!$D$3:$M$1120,5,0),"") -> 31261570418 | P45: =IFERROR(VLOOKUP(AE45,'DS TAO MAIL'!$D$3:$M$1120,8,0),"") -> 90737160 | Q45: =IFERROR(VLOOKUP(AE45,'DS TAO MAIL'!$D$3:$M$1120,7,0),"") -> thuongle.31261570418@st.ueh.edu.vn | R45: =IFERROR(VLOOKUP(AE45,'DS TAO MAIL'!$D$3:$M$1120,8,0),"") -> 90737160 | S45: 71.63 | U45: 69.96 | V45: =IFERROR(IF(VLOOKUP(B45,'DANH SACH UEH'!$A$3:$FE$2228,27,0)="Không có","",IF(VLOOKUP(B45,'DANH SACH UEH'!$A$3:$FE$2228,29,0)<"6","",(VLOOKUP(B45,'DANH SACH UEH'!$A$3:$FE$2228,27,0)))),"") | W45: =IFERROR(IF(VLOOKUP(B45,'DANH SACH UEH'!$A$3:$FE$2228,29,0)<"6","",VLOOKUP(B45,'DANH SACH UEH'!$A$3:$FE$2228,29,0)),"") | X45: =IFERROR(IF(V45="","",VLOOKUP(B45,'DANH SACH UEH'!$A$3:$FE$2228,28,0)&""),"") | Z45: =VLOOKUP(B45,'DANH SACH UEH'!$A$3:$FE$2228,44,0) -> 7.46 | AA45: =VLOOKUP(B45,'DANH SACH UEH'!$A$3:$FE$2228,45,0) -> 7.99 | AB45: =VLOOKUP(B45,'DANH SACH UEH'!$A$3:$FE$2228,46,0) -> 8.32 | AE45: =VLOOKUP(B45,'DANH SACH UEH'!$A$3:$I$2229,4,0) -> LÊ THỊ HOÀI THƯƠNG | AF45: =VLOOKUP(B45,'DANH SACH UEH'!$A$3:$I$2229,8,0) -> 0908530645
A46: 45 | B46: 079308045991 | C46: =VLOOKUP(B46,'DANH SACH UEH'!$A$3:$FE$2228,2,0) -> KSVBS2629470 | D46: =IFERROR(VLOOKUP(B46,'DS NGHIEP VU BO'!$A$3:$BX$148,6,0),"") -> 86015830 | E46: =VLOOKUP(B46,'DS NGHIEP VU BO'!$A$3:$BX$148,45,0) -> Vĩnh Long | F46: =IF(G46<>"","Giải thưởng kỳ thi chọn học sinh giỏi cấp tỉnh/TP:","") | G46: =IFERROR(IF(VLOOKUP(B46,'DANH SACH UEH'!$A$3:$FE$2228,18,0)="Không có","",VLOOKUP(B46,'DANH SACH UEH'!$A$3:$FE$2228,18,0)),"") | H46: =IFERROR(IF(VLOOKUP(B46,'DANH SACH UEH'!$A$3:$FE$2228,20,0)="Không có","",VLOOKUP(B46,'DANH SACH UEH'!$A$3:$FE$2228,20,0)),"") | I46: =IFERROR(IF(VLOOKUP(B46,'DANH SACH UEH'!$A$3:$FE$2228,19,0)="Không có","",VLOOKUP(B46,'DANH SACH UEH'!$A$3:$FE$2228,19,0)),"") | J46: =VLOOKUP(B46,'DANH SACH UEH'!$A$3:$FE$2228,6,0) -> 02/11/2008 | K46: =IF(VLOOKUP(B46,'DANH SACH UEH'!$A$3:$FE$2228,5,0)="1","Nữ","Nam") -> Nữ | L46: =VLOOKUP(B46,'DANH SACH UEH'!$A$3:$FE$2228,14,0) -> Kinh | M46: =VLOOKUP(B46,'DANH SACH UEH'!$A$3:$FE$2228,7,0) -> phwgahn0203@gmail.com | N46: =VLOOKUP(B46,'DANH SACH UEH'!$A$3:$FE$2228,8,0) -> 0866408046 | O46: =IFERROR(VLOOKUP(AF46,'DS TAO MAIL'!$A$3:$M$1120,8,0),"") | P46: =IFERROR(VLOOKUP(AF46,'DS TAO MAIL'!$A$3:$M$1120,11,0),"") | Q46: =IFERROR(VLOOKUP(AF46,'DS TAO MAIL'!$A$3:$M$1120,10,0),"") | R46: =IFERROR(VLOOKUP(AF46,'DS TAO MAIL'!$A$3:$M$1120,11,0),"") | S46: 69.61 | U46: 67.94 | V46: =IFERROR(IF(VLOOKUP(B46,'DANH SACH UEH'!$A$3:$FE$2228,27,0)="Không có","",IF(VLOOKUP(B46,'DANH SACH UEH'!$A$3:$FE$2228,29,0)<"6","",(VLOOKUP(B46,'DANH SACH UEH'!$A$3:$FE$2228,27,0)))),"") | W46: =IFERROR(IF(VLOOKUP(B46,'DANH SACH UEH'!$A$3:$FE$2228,29,0)<"6","",VLOOKUP(B46,'DANH SACH UEH'!$A$3:$FE$2228,29,0)),"") | X46: =IFERROR(IF(V46="","",VLOOKUP(B46,'DANH SACH UEH'!$A$3:$FE$2228,28,0)&""),"") | Z46: =VLOOKUP(B46,'DANH SACH UEH'!$A$3:$FE$2228,44,0) -> 8.47 | AA46: =VLOOKUP(B46,'DANH SACH UEH'!$A$3:$FE$2228,45,0) -> 8.49 | AB46: =VLOOKUP(B46,'DANH SACH UEH'!$A$3:$FE$2228,46,0) -> 8.32 | AE46: =VLOOKUP(B46,'DANH SACH UEH'!$A$3:$I$2229,4,0) -> LÊ HOÀNG PHƯƠNG ANH | AF46: =VLOOKUP(B46,'DANH SACH UEH'!$A$3:$I$2229,8,0) -> 0866408046
A47: 46 | B47: 080308001683 | C47: =VLOOKUP(B47,'DANH SACH UEH'!$A$3:$FE$2228,2,0) -> KSVBS2642326 | D47: =IFERROR(VLOOKUP(B47,'DS NGHIEP VU BO'!$A$3:$BX$148,6,0),"") -> 80015581 | E47: =VLOOKUP(B47,'DS NGHIEP VU BO'!$A$3:$BX$148,45,0) -> Tây Ninh | F47: =IF(G47<>"","Giải thưởng kỳ thi chọn học sinh giỏi cấp tỉnh/TP:","") | G47: =IFERROR(IF(VLOOKUP(B47,'DANH SACH UEH'!$A$3:$FE$2228,18,0)="Không có","",VLOOKUP(B47,'DANH SACH UEH'!$A$3:$FE$2228,18,0)),"") | H47: =IFERROR(IF(VLOOKUP(B47,'DANH SACH UEH'!$A$3:$FE$2228,20,0)="Không có","",VLOOKUP(B47,'DANH SACH UEH'!$A$3:$FE$2228,20,0)),"") | I47: =IFERROR(IF(VLOOKUP(B47,'DANH SACH UEH'!$A$3:$FE$2228,19,0)="Không có","",VLOOKUP(B47,'DANH SACH UEH'!$A$3:$FE$2228,19,0)),"") | J47: =VLOOKUP(B47,'DANH SACH UEH'!$A$3:$FE$2228,6,0) -> 19/01/2008 | K47: =IF(VLOOKUP(B47,'DANH SACH UEH'!$A$3:$FE$2228,5,0)="1","Nữ","Nam") -> Nữ | L47: =VLOOKUP(B47,'DANH SACH UEH'!$A$3:$FE$2228,14,0) -> Kinh | M47: =VLOOKUP(B47,'DANH SACH UEH'!$A$3:$FE$2228,7,0) -> legiahan401@gmail.com | N47: =VLOOKUP(B47,'DANH SACH UEH'!$A$3:$FE$2228,8,0) -> 0819523730 | O47: =IFERROR(VLOOKUP(AE47,'DS TAO MAIL'!$D$3:$M$1120,5,0),"") -> 31261570422 | P47: =IFERROR(VLOOKUP(AE47,'DS TAO MAIL'!$D$3:$M$1120,8,0),"") -> 72899460 | Q47: =IFERROR(VLOOKUP(AE47,'DS TAO MAIL'!$D$3:$M$1120,7,0),"") -> hanle.31261570422@st.ueh.edu.vn | R47: =IFERROR(VLOOKUP(AE47,'DS TAO MAIL'!$D$3:$M$1120,8,0),"") -> 72899460 | S47: 72.55 | U47: 71.72 | V47: =IFERROR(IF(VLOOKUP(B47,'DANH SACH UEH'!$A$3:$FE$2228,27,0)="Không có","",IF(VLOOKUP(B47,'DANH SACH UEH'!$A$3:$FE$2228,29,0)<"6","",(VLOOKUP(B47,'DANH SACH UEH'!$A$3:$FE$2228,27,0)))),"") | W47: =IFERROR(IF(VLOOKUP(B47,'DANH SACH UEH'!$A$3:$FE$2228,29,0)<"6","",VLOOKUP(B47,'DANH SACH UEH'!$A$3:$FE$2228,29,0)),"") | X47: =IFERROR(IF(V47="","",VLOOKUP(B47,'DANH SACH UEH'!$A$3:$FE$2228,28,0)&""),"") | Z47: =VLOOKUP(B47,'DANH SACH UEH'!$A$3:$FE$2228,44,0) -> 8.81 | AA47: =VLOOKUP(B47,'DANH SACH UEH'!$A$3:$FE$2228,45,0) -> 8.59 | AB47: =VLOOKUP(B47,'DANH SACH UEH'!$A$3:$FE$2228,46,0) -> 8.89 | AE47: =VLOOKUP(B47,'DANH SACH UEH'!$A$3:$I$2229,4,0) -> LÊ BÙI GIA HÂN | AF47: =VLOOKUP(B47,'DANH SACH UEH'!$A$3:$I$2229,8,0) -> 0819523730
A48: 47 | B48: 080308005311 | C48: =VLOOKUP(B48,'DANH SACH UEH'!$A$3:$FE$2228,2,0) -> KSVBS2612737 | D48: =IFERROR(VLOOKUP(B48,'DS NGHIEP VU BO'!$A$3:$BX$148,6,0),"") -> 80002943 | E48: =VLOOKUP(B48,'DS NGHIEP VU BO'!$A$3:$BX$148,45,0) -> Tây Ninh | F48: =IF(G48<>"","Giải thưởng kỳ thi chọn học sinh giỏi cấp tỉnh/TP:","") | G48: =IFERROR(IF(VLOOKUP(B48,'DANH SACH UEH'!$A$3:$FE$2228,18,0)="Không có","",VLOOKUP(B48,'DANH SACH UEH'!$A$3:$FE$2228,18,0)),"") | H48: =IFERROR(IF(VLOOKUP(B48,'DANH SACH UEH'!$A$3:$FE$2228,20,0)="Không có","",VLOOKUP(B48,'DANH SACH UEH'!$A$3:$FE$2228,20,0)),"") | I48: =IFERROR(IF(VLOOKUP(B48,'DANH SACH UEH'!$A$3:$FE$2228,19,0)="Không có","",VLOOKUP(B48,'DANH SACH UEH'!$A$3:$FE$2228,19,0)),"") | J48: =VLOOKUP(B48,'DANH SACH UEH'!$A$3:$FE$2228,6,0) -> 31/08/2008 | K48: =IF(VLOOKUP(B48,'DANH SACH UEH'!$A$3:$FE$2228,5,0)="1","Nữ","Nam") -> Nữ | L48: =VLOOKUP(B48,'DANH SACH UEH'!$A$3:$FE$2228,14,0) -> Kinh | M48: =VLOOKUP(B48,'DANH SACH UEH'!$A$3:$FE$2228,7,0) -> wiburetien@gmail.com | N48: =VLOOKUP(B48,'DANH SACH UEH'!$A$3:$FE$2228,8,0) -> 0837843160 | O48: =IFERROR(VLOOKUP(AE48,'DS TAO MAIL'!$D$3:$M$1120,5,0),"") | P48: =IFERROR(VLOOKUP(AE48,'DS TAO MAIL'!$D$3:$M$1120,8,0),"") | Q48: =IFERROR(VLOOKUP(AE48,'DS TAO MAIL'!$D$3:$M$1120,7,0),"") | R48: =IFERROR(VLOOKUP(AE48,'DS TAO MAIL'!$D$3:$M$1120,8,0),"") | S48: 75.35 | U48: 73.68 | V48: =IFERROR(IF(VLOOKUP(B48,'DANH SACH UEH'!$A$3:$FE$2228,27,0)="Không có","",IF(VLOOKUP(B48,'DANH SACH UEH'!$A$3:$FE$2228,29,0)<"6","",(VLOOKUP(B48,'DANH SACH UEH'!$A$3:$FE$2228,27,0)))),"") | W48: =IFERROR(IF(VLOOKUP(B48,'DANH SACH UEH'!$A$3:$FE$2228,29,0)<"6","",VLOOKUP(B48,'DANH SACH UEH'!$A$3:$FE$2228,29,0)),"") | X48: =IFERROR(IF(V48="","",VLOOKUP(B48,'DANH SACH UEH'!$A$3:$FE$2228,28,0)&""),"") | Z48: =VLOOKUP(B48,'DANH SACH UEH'!$A$3:$FE$2228,44,0) -> 8.64 | AA48: =VLOOKUP(B48,'DANH SACH UEH'!$A$3:$FE$2228,45,0) -> 8.57 | AB48: =VLOOKUP(B48,'DANH SACH UEH'!$A$3:$FE$2228,46,0) -> 8.59 | AE48: =VLOOKUP(B48,'DANH SACH UEH'!$A$3:$I$2229,4,0) -> NGUYỄN THỤY THẢO MY | AF48: =VLOOKUP(B48,'DANH SACH UEH'!$A$3:$I$2229,8,0) -> 0837843160
A49: 48 | B49: 080308005425 | C49: =VLOOKUP(B49,'DANH SACH UEH'!$A$3:$FE$2228,2,0) -> KSVBS2646165 | D49: =IFERROR(VLOOKUP(B49,'DS NGHIEP VU BO'!$A$3:$BX$148,6,0),"") -> 80007124 | E49: =VLOOKUP(B49,'DS NGHIEP VU BO'!$A$3:$BX$148,45,0) -> Tây Ninh | F49: =IF(G49<>"","Giải thưởng kỳ thi chọn học sinh giỏi cấp tỉnh/TP:","") | G49: =IFERROR(IF(VLOOKUP(B49,'DANH SACH UEH'!$A$3:$FE$2228,18,0)="Không có","",VLOOKUP(B49,'DANH SACH UEH'!$A$3:$FE$2228,18,0)),"") | H49: =IFERROR(IF(VLOOKUP(B49,'DANH SACH UEH'!$A$3:$FE$2228,20,0)="Không có","",VLOOKUP(B49,'DANH SACH UEH'!$A$3:$FE$2228,20,0)),"") | I49: =IFERROR(IF(VLOOKUP(B49,'DANH SACH UEH'!$A$3:$FE$2228,19,0)="Không có","",VLOOKUP(B49,'DANH SACH UEH'!$A$3:$FE$2228,19,0)),"") | J49: =VLOOKUP(B49,'DANH SACH UEH'!$A$3:$FE$2228,6,0) -> 16/05/2008 | K49: =IF(VLOOKUP(B49,'DANH SACH UEH'!$A$3:$FE$2228,5,0)="1","Nữ","Nam") -> Nữ | L49: =VLOOKUP(B49,'DANH SACH UEH'!$A$3:$FE$2228,14,0) -> Kinh | M49: =VLOOKUP(B49,'DANH SACH UEH'!$A$3:$FE$2228,7,0) -> tamnhu052008@gmail.com | N49: =VLOOKUP(B49,'DANH SACH UEH'!$A$3:$FE$2228,8,0) -> 0933026760 | O49: =IFERROR(VLOOKUP(AE49,'DS TAO MAIL'!$D$3:$M$1120,5,0),"") -> 31261570447 | P49: =IFERROR(VLOOKUP(AE49,'DS TAO MAIL'!$D$3:$M$1120,8,0),"") -> 11101430 | Q49: =IFERROR(VLOOKUP(AE49,'DS TAO MAIL'!$D$3:$M$1120,7,0),"") -> nhutran.31261570447@st.ueh.edu.vn | R49: =IFERROR(VLOOKUP(AE49,'DS TAO MAIL'!$D$3:$M$1120,8,0),"") -> 11101430 | S49: 67.37 | U49: 65.7 | V49: =IFERROR(IF(VLOOKUP(B49,'DANH SACH UEH'!$A$3:$FE$2228,27,0)="Không có","",IF(VLOOKUP(B49,'DANH SACH UEH'!$A$3:$FE$2228,29,0)<"6","",(VLOOKUP(B49,'DANH SACH UEH'!$A$3:$FE$2228,27,0)))),"") | W49: =IFERROR(IF(VLOOKUP(B49,'DANH SACH UEH'!$A$3:$FE$2228,29,0)<"6","",VLOOKUP(B49,'DANH SACH UEH'!$A$3:$FE$2228,29,0)),"") | X49: =IFERROR(IF(V49="","",VLOOKUP(B49,'DANH SACH UEH'!$A$3:$FE$2228,28,0)&""),"") | Z49: =VLOOKUP(B49,'DANH SACH UEH'!$A$3:$FE$2228,44,0) -> 7.39 | AA49: =VLOOKUP(B49,'DANH SACH UEH'!$A$3:$FE$2228,45,0) -> 8.67 | AB49: =VLOOKUP(B49,'DANH SACH UEH'!$A$3:$FE$2228,46,0) -> 9.04 | AE49: =VLOOKUP(B49,'DANH SACH UEH'!$A$3:$I$2229,4,0) -> TRẦN NGUYỄN TÂM NHƯ | AF49: =VLOOKUP(B49,'DANH SACH UEH'!$A$3:$I$2229,8,0) -> 0933026760
A50: 49 | B50: 080308013680 | C50: =VLOOKUP(B50,'DANH SACH UEH'!$A$3:$FE$2228,2,0) -> KSVBS2638157 | D50: =IFERROR(VLOOKUP(B50,'DS NGHIEP VU BO'!$A$3:$BX$148,6,0),"") -> 80015539 | E50: =VLOOKUP(B50,'DS NGHIEP VU BO'!$A$3:$BX$148,45,0) -> Tây Ninh | F50: =IF(G50<>"","Giải thưởng kỳ thi chọn học sinh giỏi cấp tỉnh/TP:","") | G50: =IFERROR(IF(VLOOKUP(B50,'DANH SACH UEH'!$A$3:$FE$2228,18,0)="Không có","",VLOOKUP(B50,'DANH SACH UEH'!$A$3:$FE$2228,18,0)),"") | H50: =IFERROR(IF(VLOOKUP(B50,'DANH SACH UEH'!$A$3:$FE$2228,20,0)="Không có","",VLOOKUP(B50,'DANH SACH UEH'!$A$3:$FE$2228,20,0)),"") | I50: =IFERROR(IF(VLOOKUP(B50,'DANH SACH UEH'!$A$3:$FE$2228,19,0)="Không có","",VLOOKUP(B50,'DANH SACH UEH'!$A$3:$FE$2228,19,0)),"") | J50: =VLOOKUP(B50,'DANH SACH UEH'!$A$3:$FE$2228,6,0) -> 18/09/2008 | K50: =IF(VLOOKUP(B50,'DANH SACH UEH'!$A$3:$FE$2228,5,0)="1","Nữ","Nam") -> Nữ | L50: =VLOOKUP(B50,'DANH SACH UEH'!$A$3:$FE$2228,14,0) -> Kinh | M50: =VLOOKUP(B50,'DANH SACH UEH'!$A$3:$FE$2228,7,0) -> dungpham.31261570469@st.ueh.edu.vn | N50: =VLOOKUP(B50,'DANH SACH UEH'!$A$3:$FE$2228,8,0) -> 0932466792 | O50: =IFERROR(VLOOKUP(AF50,'DS TAO MAIL'!$A$3:$M$1120,8,0),"") -> 31261570469 | P50: =IFERROR(VLOOKUP(AF50,'DS TAO MAIL'!$A$3:$M$1120,11,0),"") -> 62263572 | Q50: =IFERROR(VLOOKUP(AF50,'DS TAO MAIL'!$A$3:$M$1120,10,0),"") -> dungpham.31261570469@st.ueh.edu.vn | R50: =IFERROR(VLOOKUP(AF50,'DS TAO MAIL'!$A$3:$M$1120,11,0),"") -> 62263572 | S50: 65.31 | U50: 63.64 | V50: =IFERROR(IF(VLOOKUP(B50,'DANH SACH UEH'!$A$3:$FE$2228,27,0)="Không có","",IF(VLOOKUP(B50,'DANH SACH UEH'!$A$3:$FE$2228,29,0)<"6","",(VLOOKUP(B50,'DANH SACH UEH'!$A$3:$FE$2228,27,0)))),"") | W50: =IFERROR(IF(VLOOKUP(B50,'DANH SACH UEH'!$A$3:$FE$2228,29,0)<"6","",VLOOKUP(B50,'DANH SACH UEH'!$A$3:$FE$2228,29,0)),"") | X50: =IFERROR(IF(V50="","",VLOOKUP(B50,'DANH SACH UEH'!$A$3:$FE$2228,28,0)&""),"") | Z50: =VLOOKUP(B50,'DANH SACH UEH'!$A$3:$FE$2228,44,0) -> 8.42 | AA50: =VLOOKUP(B50,'DANH SACH UEH'!$A$3:$FE$2228,45,0) -> 8.42 | AB50: =VLOOKUP(B50,'DANH SACH UEH'!$A$3:$FE$2228,46,0) -> 8.78 | AE50: =VLOOKUP(B50,'DANH SACH UEH'!$A$3:$I$2229,4,0) -> PHẠM NGỌC DUNG | AF50: =VLOOKUP(B50,'DANH SACH UEH'!$A$3:$I$2229,8,0) -> 0932466792
A51: 50 | B51: 082208000404 | C51: =VLOOKUP(B51,'DANH SACH UEH'!$A$3:$FE$2228,2,0) -> KSVBS2617513 | D51: =IFERROR(VLOOKUP(B51,'DS NGHIEP VU BO'!$A$3:$BX$148,6,0),"") -> 82020692 | E51: =VLOOKUP(B51,'DS NGHIEP VU BO'!$A$3:$BX$148,45,0) -> Đồng Tháp | F51: =IF(G51<>"","Giải thưởng kỳ thi chọn học sinh giỏi cấp tỉnh/TP:","") | G51: =IFERROR(IF(VLOOKUP(B51,'DANH SACH UEH'!$A$3:$FE$2228,18,0)="Không có","",VLOOKUP(B51,'DANH SACH UEH'!$A$3:$FE$2228,18,0)),"") | H51: =IFERROR(IF(VLOOKUP(B51,'DANH SACH UEH'!$A$3:$FE$2228,20,0)="Không có","",VLOOKUP(B51,'DANH SACH UEH'!$A$3:$FE$2228,20,0)),"") | I51: =IFERROR(IF(VLOOKUP(B51,'DANH SACH UEH'!$A$3:$FE$2228,19,0)="Không có","",VLOOKUP(B51,'DANH SACH UEH'!$A$3:$FE$2228,19,0)),"") | J51: =VLOOKUP(B51,'DANH SACH UEH'!$A$3:$FE$2228,6,0) -> 07/06/2008 | K51: =IF(VLOOKUP(B51,'DANH SACH UEH'!$A$3:$FE$2228,5,0)="1","Nữ","Nam") -> Nam | L51: =VLOOKUP(B51,'DANH SACH UEH'!$A$3:$FE$2228,14,0) -> Kinh | M51: =VLOOKUP(B51,'DANH SACH UEH'!$A$3:$FE$2228,7,0) -> tmai83178@gmail.com | N51: =VLOOKUP(B51,'DANH SACH UEH'!$A$3:$FE$2228,8,0) -> 0942523547 | O51: =IFERROR(VLOOKUP(AE51,'DS TAO MAIL'!$D$3:$M$1120,5,0),"") -> 31261570491 | P51: =IFERROR(VLOOKUP(AE51,'DS TAO MAIL'!$D$3:$M$1120,8,0),"") -> 84858551 | Q51: =IFERROR(VLOOKUP(AE51,'DS TAO MAIL'!$D$3:$M$1120,7,0),"") -> taimai.31261570491@st.ueh.edu.vn | R51: =IFERROR(VLOOKUP(AE51,'DS TAO MAIL'!$D$3:$M$1120,8,0),"") -> 84858551 | S51: 77.38 | U51: 75.76 | V51: =IFERROR(IF(VLOOKUP(B51,'DANH SACH UEH'!$A$3:$FE$2228,27,0)="Không có","",IF(VLOOKUP(B51,'DANH SACH UEH'!$A$3:$FE$2228,29,0)<"6","",(VLOOKUP(B51,'DANH SACH UEH'!$A$3:$FE$2228,27,0)))),"") | W51: =IFERROR(IF(VLOOKUP(B51,'DANH SACH UEH'!$A$3:$FE$2228,29,0)<"6","",VLOOKUP(B51,'DANH SACH UEH'!$A$3:$FE$2228,29,0)),"") | X51: =IFERROR(IF(V51="","",VLOOKUP(B51,'DANH SACH UEH'!$A$3:$FE$2228,28,0)&""),"") | Z51: =VLOOKUP(B51,'DANH SACH UEH'!$A$3:$FE$2228,44,0) -> 9.21 | AA51: =VLOOKUP(B51,'DANH SACH UEH'!$A$3:$FE$2228,45,0) -> 8.99 | AB51: =VLOOKUP(B51,'DANH SACH UEH'!$A$3:$FE$2228,46,0) -> 8.82 | AE51: =VLOOKUP(B51,'DANH SACH UEH'!$A$3:$I$2229,4,0) -> MAI VĂN KIM TÀI | AF51: =VLOOKUP(B51,'DANH SACH UEH'!$A$3:$I$2229,8,0) -> 0942523547
A52: 51 | B52: 082208007608 | C52: =VLOOKUP(B52,'DANH SACH UEH'!$A$3:$FE$2228,2,0) -> KSVBS2600064 | D52: =IFERROR(VLOOKUP(B52,'DS NGHIEP VU BO'!$A$3:$BX$148,6,0),"") -> 82025020 | E52: =VLOOKUP(B52,'DS NGHIEP VU BO'!$A$3:$BX$148,45,0) -> Đồng Tháp | F52: =IF(G52<>"","Giải thưởng kỳ thi chọn học sinh giỏi cấp tỉnh/TP:","") | G52: =IFERROR(IF(VLOOKUP(B52,'DANH SACH UEH'!$A$3:$FE$2228,18,0)="Không có","",VLOOKUP(B52,'DANH SACH UEH'!$A$3:$FE$2228,18,0)),"") | H52: =IFERROR(IF(VLOOKUP(B52,'DANH SACH UEH'!$A$3:$FE$2228,20,0)="Không có","",VLOOKUP(B52,'DANH SACH UEH'!$A$3:$FE$2228,20,0)),"") | I52: =IFERROR(IF(VLOOKUP(B52,'DANH SACH UEH'!$A$3:$FE$2228,19,0)="Không có","",VLOOKUP(B52,'DANH SACH UEH'!$A$3:$FE$2228,19,0)),"") | J52: =VLOOKUP(B52,'DANH SACH UEH'!$A$3:$FE$2228,6,0) -> 22/01/2008 | K52: =IF(VLOOKUP(B52,'DANH SACH UEH'!$A$3:$FE$2228,5,0)="1","Nữ","Nam") -> Nam | L52: =VLOOKUP(B52,'DANH SACH UEH'!$A$3:$FE$2228,14,0) -> Kinh | M52: =VLOOKUP(B52,'DANH SACH UEH'!$A$3:$FE$2228,7,0) -> ngocxinhtrainhatvutru@gmail.com | N52: =VLOOKUP(B52,'DANH SACH UEH'!$A$3:$FE$2228,8,0) -> 0832977008 | O52: =IFERROR(VLOOKUP(AE52,'DS TAO MAIL'!$D$3:$M$1120,5,0),"") | P52: =IFERROR(VLOOKUP(AE52,'DS TAO MAIL'!$D$3:$M$1120,8,0),"") | Q52: =IFERROR(VLOOKUP(AE52,'DS TAO MAIL'!$D$3:$M$1120,7,0),"") | R52: =IFERROR(VLOOKUP(AE52,'DS TAO MAIL'!$D$3:$M$1120,8,0),"") | S52: 70.27 | U52: 68.6 | V52: =IFERROR(IF(VLOOKUP(B52,'DANH SACH UEH'!$A$3:$FE$2228,27,0)="Không có","",IF(VLOOKUP(B52,'DANH SACH UEH'!$A$3:$FE$2228,29,0)<"6","",(VLOOKUP(B52,'DANH SACH UEH'!$A$3:$FE$2228,27,0)))),"") | W52: =IFERROR(IF(VLOOKUP(B52,'DANH SACH UEH'!$A$3:$FE$2228,29,0)<"6","",VLOOKUP(B52,'DANH SACH UEH'!$A$3:$FE$2228,29,0)),"") | X52: =IFERROR(IF(V52="","",VLOOKUP(B52,'DANH SACH UEH'!$A$3:$FE$2228,28,0)&""),"") | Z52: =VLOOKUP(B52,'DANH SACH UEH'!$A$3:$FE$2228,44,0) -> 8.13 | AA52: =VLOOKUP(B52,'DANH SACH UEH'!$A$3:$FE$2228,45,0) -> 8.82 | AB52: =VLOOKUP(B52,'DANH SACH UEH'!$A$3:$FE$2228,46,0) -> 9.13 | AE52: =VLOOKUP(B52,'DANH SACH UEH'!$A$3:$I$2229,4,0) -> LÊ THÁI NGỌC | AF52: =VLOOKUP(B52,'DANH SACH UEH'!$A$3:$I$2229,8,0) -> 0832977008
A53: 52 | B53: 082307008212 | C53: =VLOOKUP(B53,'DANH SACH UEH'!$A$3:$FE$2228,2,0) -> KSVBS2627672 | D53: =IFERROR(VLOOKUP(B53,'DS NGHIEP VU BO'!$A$3:$BX$148,6,0),"") -> 82023757 | E53: =VLOOKUP(B53,'DS NGHIEP VU BO'!$A$3:$BX$148,45,0) -> Đồng Tháp | F53: =IF(G53<>"","Giải thưởng kỳ thi chọn học sinh giỏi cấp tỉnh/TP:","") | G53: =IFERROR(IF(VLOOKUP(B53,'DANH SACH UEH'!$A$3:$FE$2228,18,0)="Không có","",VLOOKUP(B53,'DANH SACH UEH'!$A$3:$FE$2228,18,0)),"") | H53: =IFERROR(IF(VLOOKUP(B53,'DANH SACH UEH'!$A$3:$FE$2228,20,0)="Không có","",VLOOKUP(B53,'DANH SACH UEH'!$A$3:$FE$2228,20,0)),"") | I53: =IFERROR(IF(VLOOKUP(B53,'DANH SACH UEH'!$A$3:$FE$2228,19,0)="Không có","",VLOOKUP(B53,'DANH SACH UEH'!$A$3:$FE$2228,19,0)),"") | J53: =VLOOKUP(B53,'DANH SACH UEH'!$A$3:$FE$2228,6,0) -> 19/10/2007 | K53: =IF(VLOOKUP(B53,'DANH SACH UEH'!$A$3:$FE$2228,5,0)="1","Nữ","Nam") -> Nữ | L53: =VLOOKUP(B53,'DANH SACH UEH'!$A$3:$FE$2228,14,0) -> Kinh | M53: =VLOOKUP(B53,'DANH SACH UEH'!$A$3:$FE$2228,7,0) -> tuyenhuynh.759499@gmail.com | N53: =VLOOKUP(B53,'DANH SACH UEH'!$A$3:$FE$2228,8,0) -> 0783759499 | O53: =IFERROR(VLOOKUP(AE53,'DS TAO MAIL'!$D$3:$M$1120,5,0),"") -> 31261570505 | P53: =IFERROR(VLOOKUP(AE53,'DS TAO MAIL'!$D$3:$M$1120,8,0),"") -> 57222001 | Q53: =IFERROR(VLOOKUP(AE53,'DS TAO MAIL'!$D$3:$M$1120,7,0),"") -> tuyenhuynh.31261570505@st.ueh.edu.vn | R53: =IFERROR(VLOOKUP(AE53,'DS TAO MAIL'!$D$3:$M$1120,8,0),"") -> 57222001 | S53: 67.89 | U53: 66.22 | V53: =IFERROR(IF(VLOOKUP(B53,'DANH SACH UEH'!$A$3:$FE$2228,27,0)="Không có","",IF(VLOOKUP(B53,'DANH SACH UEH'!$A$3:$FE$2228,29,0)<"6","",(VLOOKUP(B53,'DANH SACH UEH'!$A$3:$FE$2228,27,0)))),"") | W53: =IFERROR(IF(VLOOKUP(B53,'DANH SACH UEH'!$A$3:$FE$2228,29,0)<"6","",VLOOKUP(B53,'DANH SACH UEH'!$A$3:$FE$2228,29,0)),"") | X53: =IFERROR(IF(V53="","",VLOOKUP(B53,'DANH SACH UEH'!$A$3:$FE$2228,28,0)&""),"") | Z53: =VLOOKUP(B53,'DANH SACH UEH'!$A$3:$FE$2228,44,0) -> 7.61 | AA53: =VLOOKUP(B53,'DANH SACH UEH'!$A$3:$FE$2228,45,0) -> 8.19 | AB53: =VLOOKUP(B53,'DANH SACH UEH'!$A$3:$FE$2228,46,0) -> 8.54 | AE53: =VLOOKUP(B53,'DANH SACH UEH'!$A$3:$I$2229,4,0) -> HUỲNH THỊ THANH TUYỀN | AF53: =VLOOKUP(B53,'DANH SACH UEH'!$A$3:$I$2229,8,0) -> 0783759499
A54: 53 | B54: 082308003110 | C54: =VLOOKUP(B54,'DANH SACH UEH'!$A$3:$FE$2228,2,0) -> KSVBS2630964 | D54: =IFERROR(VLOOKUP(B54,'DS NGHIEP VU BO'!$A$3:$BX$148,6,0),"") -> 82027055 | E54: =VLOOKUP(B54,'DS NGHIEP VU BO'!$A$3:$BX$148,45,0) -> Đồng Tháp | F54: =IF(G54<>"","Giải thưởng kỳ thi chọn học sinh giỏi cấp tỉnh/TP:","") | G54: =IFERROR(IF(VLOOKUP(B54,'DANH SACH UEH'!$A$3:$FE$2228,18,0)="Không có","",VLOOKUP(B54,'DANH SACH UEH'!$A$3:$FE$2228,18,0)),"") | H54: =IFERROR(IF(VLOOKUP(B54,'DANH SACH UEH'!$A$3:$FE$2228,20,0)="Không có","",VLOOKUP(B54,'DANH SACH UEH'!$A$3:$FE$2228,20,0)),"") | I54: =IFERROR(IF(VLOOKUP(B54,'DANH SACH UEH'!$A$3:$FE$2228,19,0)="Không có","",VLOOKUP(B54,'DANH SACH UEH'!$A$3:$FE$2228,19,0)),"") | J54: =VLOOKUP(B54,'DANH SACH UEH'!$A$3:$FE$2228,6,0) -> 21/10/2008 | K54: =IF(VLOOKUP(B54,'DANH SACH UEH'!$A$3:$FE$2228,5,0)="1","Nữ","Nam") -> Nữ | L54: =VLOOKUP(B54,'DANH SACH UEH'!$A$3:$FE$2228,14,0) -> Kinh | M54: =VLOOKUP(B54,'DANH SACH UEH'!$A$3:$FE$2228,7,0) -> nganhuynh.589514@gmail.com | N54: =VLOOKUP(B54,'DANH SACH UEH'!$A$3:$FE$2228,8,0) -> 0776806873 | O54: =IFERROR(VLOOKUP(AE54,'DS TAO MAIL'!$D$3:$M$1120,5,0),"") -> 31261570501 | P54: =IFERROR(VLOOKUP(AE54,'DS TAO MAIL'!$D$3:$M$1120,8,0),"") -> 65385742 | Q54: =IFERROR(VLOOKUP(AE54,'DS TAO MAIL'!$D$3:$M$1120,7,0),"") -> nganhuynh.31261570501@st.ueh.edu.vn | R54: =IFERROR(VLOOKUP(AE54,'DS TAO MAIL'!$D$3:$M$1120,8,0),"") -> 65385742 | S54: 77.85 | U54: 76.26 | V54: =IFERROR(IF(VLOOKUP(B54,'DANH SACH UEH'!$A$3:$FE$2228,27,0)="Không có","",IF(VLOOKUP(B54,'DANH SACH UEH'!$A$3:$FE$2228,29,0)<"6","",(VLOOKUP(B54,'DANH SACH UEH'!$A$3:$FE$2228,27,0)))),"") | W54: =IFERROR(IF(VLOOKUP(B54,'DANH SACH UEH'!$A$3:$FE$2228,29,0)<"6","",VLOOKUP(B54,'DANH SACH UEH'!$A$3:$FE$2228,29,0)),"") | X54: =IFERROR(IF(V54="","",VLOOKUP(B54,'DANH SACH UEH'!$A$3:$FE$2228,28,0)&""),"") | Z54: =VLOOKUP(B54,'DANH SACH UEH'!$A$3:$FE$2228,44,0) -> 8.27 | AA54: =VLOOKUP(B54,'DANH SACH UEH'!$A$3:$FE$2228,45,0) -> 8.73 | AB54: =VLOOKUP(B54,'DANH SACH UEH'!$A$3:$FE$2228,46,0) -> 9.27 | AE54: =VLOOKUP(B54,'DANH SACH UEH'!$A$3:$I$2229,4,0) -> HUỲNH THỊ THANH NGÂN | AF54: =VLOOKUP(B54,'DANH SACH UEH'!$A$3:$I$2229,8,0) -> 0776806873
A55: 54 | B55: 082308006662 | C55: =VLOOKUP(B55,'DANH SACH UEH'!$A$3:$FE$2228,2,0) -> KSVBS2607253 | D55: =IFERROR(VLOOKUP(B55,'DS NGHIEP VU BO'!$A$3:$BX$148,6,0),"") -> 82036403 | E55: =VLOOKUP(B55,'DS NGHIEP VU BO'!$A$3:$BX$148,45,0) -> Đồng Tháp | F55: =IF(G55<>"","Giải thưởng kỳ thi chọn học sinh giỏi cấp tỉnh/TP:","") | G55: =IFERROR(IF(VLOOKUP(B55,'DANH SACH UEH'!$A$3:$FE$2228,18,0)="Không có","",VLOOKUP(B55,'DANH SACH UEH'!$A$3:$FE$2228,18,0)),"") | H55: =IFERROR(IF(VLOOKUP(B55,'DANH SACH UEH'!$A$3:$FE$2228,20,0)="Không có","",VLOOKUP(B55,'DANH SACH UEH'!$A$3:$FE$2228,20,0)),"") | I55: =IFERROR(IF(VLOOKUP(B55,'DANH SACH UEH'!$A$3:$FE$2228,19,0)="Không có","",VLOOKUP(B55,'DANH SACH UEH'!$A$3:$FE$2228,19,0)),"") | J55: =VLOOKUP(B55,'DANH SACH UEH'!$A$3:$FE$2228,6,0) -> 10/05/2008 | K55: =IF(VLOOKUP(B55,'DANH SACH UEH'!$A$3:$FE$2228,5,0)="1","Nữ","Nam") -> Nữ | L55: =VLOOKUP(B55,'DANH SACH UEH'!$A$3:$FE$2228,14,0) -> Kinh | M55: =VLOOKUP(B55,'DANH SACH UEH'!$A$3:$FE$2228,7,0) -> lethkieuoannh@gmail.com | N55: =VLOOKUP(B55,'DANH SACH UEH'!$A$3:$FE$2228,8,0) -> 0395944701 | O55: =IFERROR(VLOOKUP(AF55,'DS TAO MAIL'!$A$3:$M$1120,8,0),"") -> 31261570507 | P55: =IFERROR(VLOOKUP(AF55,'DS TAO MAIL'!$A$3:$M$1120,11,0),"") -> 54582631 | Q55: =IFERROR(VLOOKUP(AF55,'DS TAO MAIL'!$A$3:$M$1120,10,0),"") -> oanhle.31261570507@st.ueh.edu.vn | R55: =IFERROR(VLOOKUP(AF55,'DS TAO MAIL'!$A$3:$M$1120,11,0),"") -> 54582631 | S55: 71.81 | U55: 70.14 | V55: =IFERROR(IF(VLOOKUP(B55,'DANH SACH UEH'!$A$3:$FE$2228,27,0)="Không có","",IF(VLOOKUP(B55,'DANH SACH UEH'!$A$3:$FE$2228,29,0)<"6","",(VLOOKUP(B55,'DANH SACH UEH'!$A$3:$FE$2228,27,0)))),"") | W55: =IFERROR(IF(VLOOKUP(B55,'DANH SACH UEH'!$A$3:$FE$2228,29,0)<"6","",VLOOKUP(B55,'DANH SACH UEH'!$A$3:$FE$2228,29,0)),"") | X55: =IFERROR(IF(V55="","",VLOOKUP(B55,'DANH SACH UEH'!$A$3:$FE$2228,28,0)&""),"") | Z55: =VLOOKUP(B55,'DANH SACH UEH'!$A$3:$FE$2228,44,0) -> 8.18 | AA55: =VLOOKUP(B55,'DANH SACH UEH'!$A$3:$FE$2228,45,0) -> 8.09 | AB55: =VLOOKUP(B55,'DANH SACH UEH'!$A$3:$FE$2228,46,0) -> 8.53 | AE55: =VLOOKUP(B55,'DANH SACH UEH'!$A$3:$I$2229,4,0) -> LÊ THỊ KIỀU OANH | AF55: =VLOOKUP(B55,'DANH SACH UEH'!$A$3:$I$2229,8,0) -> 0395944701
A56: 55 | B56: 082308013726 | C56: =VLOOKUP(B56,'DANH SACH UEH'!$A$3:$FE$2228,2,0) -> KSVBS2643155 | D56: =IFERROR(VLOOKUP(B56,'DS NGHIEP VU BO'!$A$3:$BX$148,6,0),"") -> 82020884 | E56: =VLOOKUP(B56,'DS NGHIEP VU BO'!$A$3:$BX$148,45,0) -> Đồng Tháp | F56: =IF(G56<>"","Giải thưởng kỳ thi chọn học sinh giỏi cấp tỉnh/TP:","") | G56: =IFERROR(IF(VLOOKUP(B56,'DANH SACH UEH'!$A$3:$FE$2228,18,0)="Không có","",VLOOKUP(B56,'DANH SACH UEH'!$A$3:$FE$2228,18,0)),"") | H56: =IFERROR(IF(VLOOKUP(B56,'DANH SACH UEH'!$A$3:$FE$2228,20,0)="Không có","",VLOOKUP(B56,'DANH SACH UEH'!$A$3:$FE$2228,20,0)),"") | I56: =IFERROR(IF(VLOOKUP(B56,'DANH SACH UEH'!$A$3:$FE$2228,19,0)="Không có","",VLOOKUP(B56,'DANH SACH UEH'!$A$3:$FE$2228,19,0)),"") | J56: =VLOOKUP(B56,'DANH SACH UEH'!$A$3:$FE$2228,6,0) -> 28/01/2008 | K56: =IF(VLOOKUP(B56,'DANH SACH UEH'!$A$3:$FE$2228,5,0)="1","Nữ","Nam") -> Nữ | L56: =VLOOKUP(B56,'DANH SACH UEH'!$A$3:$FE$2228,14,0) -> Kinh | M56: =VLOOKUP(B56,'DANH SACH UEH'!$A$3:$FE$2228,7,0) -> and503295@gmail.com | N56: =VLOOKUP(B56,'DANH SACH UEH'!$A$3:$FE$2228,8,0) -> 0334405882 | O56: =IFERROR(VLOOKUP(AE56,'DS TAO MAIL'!$D$3:$M$1120,5,0),"") | P56: =IFERROR(VLOOKUP(AE56,'DS TAO MAIL'!$D$3:$M$1120,8,0),"") | Q56: =IFERROR(VLOOKUP(AE56,'DS TAO MAIL'!$D$3:$M$1120,7,0),"") | R56: =IFERROR(VLOOKUP(AE56,'DS TAO MAIL'!$D$3:$M$1120,8,0),"") | S56: 87.51 | U56: 80.28 | V56: =IFERROR(IF(VLOOKUP(B56,'DANH SACH UEH'!$A$3:$FE$2228,27,0)="Không có","",IF(VLOOKUP(B56,'DANH SACH UEH'!$A$3:$FE$2228,29,0)<"6","",(VLOOKUP(B56,'DANH SACH UEH'!$A$3:$FE$2228,27,0)))),"") | W56: =IFERROR(IF(VLOOKUP(B56,'DANH SACH UEH'!$A$3:$FE$2228,29,0)<"6","",VLOOKUP(B56,'DANH SACH UEH'!$A$3:$FE$2228,29,0)),"") | X56: =IFERROR(IF(V56="","",VLOOKUP(B56,'DANH SACH UEH'!$A$3:$FE$2228,28,0)&""),"") | Z56: =VLOOKUP(B56,'DANH SACH UEH'!$A$3:$FE$2228,44,0) -> 7.90 | AA56: =VLOOKUP(B56,'DANH SACH UEH'!$A$3:$FE$2228,45,0) -> 8.57 | AB56: =VLOOKUP(B56,'DANH SACH UEH'!$A$3:$FE$2228,46,0) -> 8.98 | AE56: =VLOOKUP(B56,'DANH SACH UEH'!$A$3:$I$2229,4,0) -> ĐỖ NGUYỄN THUÝ AN | AF56: =VLOOKUP(B56,'DANH SACH UEH'!$A$3:$I$2229,8,0) -> 0334405882
A57: 56 | B57: 083208000690 | C57: =VLOOKUP(B57,'DANH SACH UEH'!$A$3:$FE$2228,2,0) -> KSVBS2615007 | D57: =IFERROR(VLOOKUP(B57,'DS NGHIEP VU BO'!$A$3:$BX$148,6,0),"") -> 86006228 | E57: =VLOOKUP(B57,'DS NGHIEP VU BO'!$A$3:$BX$148,45,0) -> Vĩnh Long | F57: =IF(G57<>"","Giải thưởng kỳ thi chọn học sinh giỏi cấp tỉnh/TP:","") | G57: =IFERROR(IF(VLOOKUP(B57,'DANH SACH UEH'!$A$3:$FE$2228,18,0)="Không có","",VLOOKUP(B57,'DANH SACH UEH'!$A$3:$FE$2228,18,0)),"") | H57: =IFERROR(IF(VLOOKUP(B57,'DANH SACH UEH'!$A$3:$FE$2228,20,0)="Không có","",VLOOKUP(B57,'DANH SACH UEH'!$A$3:$FE$2228,20,0)),"") | I57: =IFERROR(IF(VLOOKUP(B57,'DANH SACH UEH'!$A$3:$FE$2228,19,0)="Không có","",VLOOKUP(B57,'DANH SACH UEH'!$A$3:$FE$2228,19,0)),"") | J57: =VLOOKUP(B57,'DANH SACH UEH'!$A$3:$FE$2228,6,0) -> 30/03/2008 | K57: =IF(VLOOKUP(B57,'DANH SACH UEH'!$A$3:$FE$2228,5,0)="1","Nữ","Nam") -> Nam | L57: =VLOOKUP(B57,'DANH SACH UEH'!$A$3:$FE$2228,14,0) -> Kinh | M57: =VLOOKUP(B57,'DANH SACH UEH'!$A$3:$FE$2228,7,0) -> nguyendithanhh77223@gmail.com | N57: =VLOOKUP(B57,'DANH SACH UEH'!$A$3:$FE$2228,8,0) -> 0962287654 | O57: =IFERROR(VLOOKUP(AE57,'DS TAO MAIL'!$D$3:$M$1120,5,0),"") -> 31261570482 | P57: =IFERROR(VLOOKUP(AE57,'DS TAO MAIL'!$D$3:$M$1120,8,0),"") -> 92851272 | Q57: =IFERROR(VLOOKUP(AE57,'DS TAO MAIL'!$D$3:$M$1120,7,0),"") -> thanhnguyen.31261570482@st.ueh.edu.vn | R57: =IFERROR(VLOOKUP(AE57,'DS TAO MAIL'!$D$3:$M$1120,8,0),"") -> 92851272 | S57: 70.3 | U57: 67.8 | V57: =IFERROR(IF(VLOOKUP(B57,'DANH SACH UEH'!$A$3:$FE$2228,27,0)="Không có","",IF(VLOOKUP(B57,'DANH SACH UEH'!$A$3:$FE$2228,29,0)<"6","",(VLOOKUP(B57,'DANH SACH UEH'!$A$3:$FE$2228,27,0)))),"") | W57: =IFERROR(IF(VLOOKUP(B57,'DANH SACH UEH'!$A$3:$FE$2228,29,0)<"6","",VLOOKUP(B57,'DANH SACH UEH'!$A$3:$FE$2228,29,0)),"") | X57: =IFERROR(IF(V57="","",VLOOKUP(B57,'DANH SACH UEH'!$A$3:$FE$2228,28,0)&""),"") | Z57: =VLOOKUP(B57,'DANH SACH UEH'!$A$3:$FE$2228,44,0) -> 9.29 | AA57: =VLOOKUP(B57,'DANH SACH UEH'!$A$3:$FE$2228,45,0) -> 9.14 | AB57: =VLOOKUP(B57,'DANH SACH UEH'!$A$3:$FE$2228,46,0) -> 9.31 | AE57: =VLOOKUP(B57,'DANH SACH UEH'!$A$3:$I$2229,4,0) -> NGUYỄN DUY THANH | AF57: =VLOOKUP(B57,'DANH SACH UEH'!$A$3:$I$2229,8,0) -> 0962287654
A58: 57 | B58: 083208009377 | C58: =VLOOKUP(B58,'DANH SACH UEH'!$A$3:$FE$2228,2,0) -> KSVBS2605434 | D58: =IFERROR(VLOOKUP(B58,'DS NGHIEP VU BO'!$A$3:$BX$148,6,0),"") -> 86001609 | E58: =VLOOKUP(B58,'DS NGHIEP VU BO'!$A$3:$BX$148,45,0) -> Vĩnh Long | F58: =IF(G58<>"","Giải thưởng kỳ thi chọn học sinh giỏi cấp tỉnh/TP:","") | G58: =IFERROR(IF(VLOOKUP(B58,'DANH SACH UEH'!$A$3:$FE$2228,18,0)="Không có","",VLOOKUP(B58,'DANH SACH UEH'!$A$3:$FE$2228,18,0)),"") | H58: =IFERROR(IF(VLOOKUP(B58,'DANH SACH UEH'!$A$3:$FE$2228,20,0)="Không có","",VLOOKUP(B58,'DANH SACH UEH'!$A$3:$FE$2228,20,0)),"") | I58: =IFERROR(IF(VLOOKUP(B58,'DANH SACH UEH'!$A$3:$FE$2228,19,0)="Không có","",VLOOKUP(B58,'DANH SACH UEH'!$A$3:$FE$2228,19,0)),"") | J58: =VLOOKUP(B58,'DANH SACH UEH'!$A$3:$FE$2228,6,0) -> 19/12/2008 | K58: =IF(VLOOKUP(B58,'DANH SACH UEH'!$A$3:$FE$2228,5,0)="1","Nữ","Nam") -> Nam | L58: =VLOOKUP(B58,'DANH SACH UEH'!$A$3:$FE$2228,14,0) -> Kinh | M58: =VLOOKUP(B58,'DANH SACH UEH'!$A$3:$FE$2228,7,0) -> phuctruong.31261570440@st.ueh.edu.vn | N58: =VLOOKUP(B58,'DANH SACH UEH'!$A$3:$FE$2228,8,0) -> 0395625080 | O58: =IFERROR(VLOOKUP(AE58,'DS TAO MAIL'!$D$3:$M$1120,5,0),"") -> 31261570440 | P58: =IFERROR(VLOOKUP(AE58,'DS TAO MAIL'!$D$3:$M$1120,8,0),"") -> 74466552 | Q58: =IFERROR(VLOOKUP(AE58,'DS TAO MAIL'!$D$3:$M$1120,7,0),"") -> phuctruong.31261570440@st.ueh.edu.vn | R58: =IFERROR(VLOOKUP(AE58,'DS TAO MAIL'!$D$3:$M$1120,8,0),"") -> 74466552 | S58: 80.66 | U58: 80 | V58: =IFERROR(IF(VLOOKUP(B58,'DANH SACH UEH'!$A$3:$FE$2228,27,0)="Không có","",IF(VLOOKUP(B58,'DANH SACH UEH'!$A$3:$FE$2228,29,0)<"6","",(VLOOKUP(B58,'DANH SACH UEH'!$A$3:$FE$2228,27,0)))),"") | W58: =IFERROR(IF(VLOOKUP(B58,'DANH SACH UEH'!$A$3:$FE$2228,29,0)<"6","",VLOOKUP(B58,'DANH SACH UEH'!$A$3:$FE$2228,29,0)),"") | X58: =IFERROR(IF(V58="","",VLOOKUP(B58,'DANH SACH UEH'!$A$3:$FE$2228,28,0)&""),"") | Z58: =VLOOKUP(B58,'DANH SACH UEH'!$A$3:$FE$2228,44,0) -> 7.44 | AA58: =VLOOKUP(B58,'DANH SACH UEH'!$A$3:$FE$2228,45,0) -> 7.87 | AB58: =VLOOKUP(B58,'DANH SACH UEH'!$A$3:$FE$2228,46,0) -> 8.16 | AE58: =VLOOKUP(B58,'DANH SACH UEH'!$A$3:$I$2229,4,0) -> TRƯƠNG NGUYÊN PHÚC | AF58: =VLOOKUP(B58,'DANH SACH UEH'!$A$3:$I$2229,8,0) -> 0395625080
A59: 58 | B59: 083308001940 | C59: =VLOOKUP(B59,'DANH SACH UEH'!$A$3:$FE$2228,2,0) -> KSVBS2641837 | D59: =IFERROR(VLOOKUP(B59,'DS NGHIEP VU BO'!$A$3:$BX$148,6,0),"") -> 86001255 | E59: =VLOOKUP(B59,'DS NGHIEP VU BO'!$A$3:$BX$148,45,0) -> Vĩnh Long | F59: =IF(G59<>"","Giải thưởng kỳ thi chọn học sinh giỏi cấp tỉnh/TP:","") | G59: =IFERROR(IF(VLOOKUP(B59,'DANH SACH UEH'!$A$3:$FE$2228,18,0)="Không có","",VLOOKUP(B59,'DANH SACH UEH'!$A$3:$FE$2228,18,0)),"") | H59: =IFERROR(IF(VLOOKUP(B59,'DANH SACH UEH'!$A$3:$FE$2228,20,0)="Không có","",VLOOKUP(B59,'DANH SACH UEH'!$A$3:$FE$2228,20,0)),"") | I59: =IFERROR(IF(VLOOKUP(B59,'DANH SACH UEH'!$A$3:$FE$2228,19,0)="Không có","",VLOOKUP(B59,'DANH SACH UEH'!$A$3:$FE$2228,19,0)),"") | J59: =VLOOKUP(B59,'DANH SACH UEH'!$A$3:$FE$2228,6,0) -> 01/03/2008 | K59: =IF(VLOOKUP(B59,'DANH SACH UEH'!$A$3:$FE$2228,5,0)="1","Nữ","Nam") -> Nữ | L59: =VLOOKUP(B59,'DANH SACH UEH'!$A$3:$FE$2228,14,0) -> Kinh | M59: =VLOOKUP(B59,'DANH SACH UEH'!$A$3:$FE$2228,7,0) -> tranxuanbinh.ss03@gmail.com | N59: =VLOOKUP(B59,'DANH SACH UEH'!$A$3:$FE$2228,8,0) -> 0377413356 | O59: =IFERROR(VLOOKUP(AE59,'DS TAO MAIL'!$D$3:$M$1120,5,0),"") -> 31261570462 | P59: =IFERROR(VLOOKUP(AE59,'DS TAO MAIL'!$D$3:$M$1120,8,0),"") -> 75769615 | Q59: =IFERROR(VLOOKUP(AE59,'DS TAO MAIL'!$D$3:$M$1120,7,0),"") -> binhtran.31261570462@st.ueh.edu.vn | R59: =IFERROR(VLOOKUP(AE59,'DS TAO MAIL'!$D$3:$M$1120,8,0),"") -> 75769615 | S59: 65.77 | U59: 64.1 | V59: =IFERROR(IF(VLOOKUP(B59,'DANH SACH UEH'!$A$3:$FE$2228,27,0)="Không có","",IF(VLOOKUP(B59,'DANH SACH UEH'!$A$3:$FE$2228,29,0)<"6","",(VLOOKUP(B59,'DANH SACH UEH'!$A$3:$FE$2228,27,0)))),"") | W59: =IFERROR(IF(VLOOKUP(B59,'DANH SACH UEH'!$A$3:$FE$2228,29,0)<"6","",VLOOKUP(B59,'DANH SACH UEH'!$A$3:$FE$2228,29,0)),"") | X59: =IFERROR(IF(V59="","",VLOOKUP(B59,'DANH SACH UEH'!$A$3:$FE$2228,28,0)&""),"") | Z59: =VLOOKUP(B59,'DANH SACH UEH'!$A$3:$FE$2228,44,0) -> 7.91 | AA59: =VLOOKUP(B59,'DANH SACH UEH'!$A$3:$FE$2228,45,0) -> 8.06 | AB59: =VLOOKUP(B59,'DANH SACH UEH'!$A$3:$FE$2228,46,0) -> 8.84 | AE59: =VLOOKUP(B59,'DANH SACH UEH'!$A$3:$I$2229,4,0) -> TRẦN XUÂN BÌNH | AF59: =VLOOKUP(B59,'DANH SACH UEH'!$A$3:$I$2229,8,0) -> 0377413356
A60: 59 | B60: 083308003866 | C60: =VLOOKUP(B60,'DANH SACH UEH'!$A$3:$FE$2228,2,0) -> KSVBS2646296 | D60: =IFERROR(VLOOKUP(B60,'DS NGHIEP VU BO'!$A$3:$BX$148,6,0),"") -> 86004120 | E60: =VLOOKUP(B60,'DS NGHIEP VU BO'!$A$3:$BX$148,45,0) -> Vĩnh Long | F60: =IF(G60<>"","Giải thưởng kỳ thi chọn học sinh giỏi cấp tỉnh/TP:","") | G60: =IFERROR(IF(VLOOKUP(B60,'DANH SACH UEH'!$A$3:$FE$2228,18,0)="Không có","",VLOOKUP(B60,'DANH SACH UEH'!$A$3:$FE$2228,18,0)),"") | H60: =IFERROR(IF(VLOOKUP(B60,'DANH SACH UEH'!$A$3:$FE$2228,20,0)="Không có","",VLOOKUP(B60,'DANH SACH UEH'!$A$3:$FE$2228,20,0)),"") | I60: =IFERROR(IF(VLOOKUP(B60,'DANH SACH UEH'!$A$3:$FE$2228,19,0)="Không có","",VLOOKUP(B60,'DANH SACH UEH'!$A$3:$FE$2228,19,0)),"") | J60: =VLOOKUP(B60,'DANH SACH UEH'!$A$3:$FE$2228,6,0) -> 05/09/2008 | K60: =IF(VLOOKUP(B60,'DANH SACH UEH'!$A$3:$FE$2228,5,0)="1","Nữ","Nam") -> Nữ | L60: =VLOOKUP(B60,'DANH SACH UEH'!$A$3:$FE$2228,14,0) -> Kinh | M60: =VLOOKUP(B60,'DANH SACH UEH'!$A$3:$FE$2228,7,0) -> kimngan022209@gmail.com | N60: =VLOOKUP(B60,'DANH SACH UEH'!$A$3:$FE$2228,8,0) -> 0335022209 | O60: =IFERROR(VLOOKUP(AE60,'DS TAO MAIL'!$D$3:$M$1120,5,0),"") -> 31261570411 | P60: =IFERROR(VLOOKUP(AE60,'DS TAO MAIL'!$D$3:$M$1120,8,0),"") -> 33382342 | Q60: =IFERROR(VLOOKUP(AE60,'DS TAO MAIL'!$D$3:$M$1120,7,0),"") -> ngannguyen.31261570411@st.ueh.edu.vn | R60: =IFERROR(VLOOKUP(AE60,'DS TAO MAIL'!$D$3:$M$1120,8,0),"") -> 33382342 | S60: 78.34 | U60: 77.6 | V60: =IFERROR(IF(VLOOKUP(B60,'DANH SACH UEH'!$A$3:$FE$2228,27,0)="Không có","",IF(VLOOKUP(B60,'DANH SACH UEH'!$A$3:$FE$2228,29,0)<"6","",(VLOOKUP(B60,'DANH SACH UEH'!$A$3:$FE$2228,27,0)))),"") | W60: =IFERROR(IF(VLOOKUP(B60,'DANH SACH UEH'!$A$3:$FE$2228,29,0)<"6","",VLOOKUP(B60,'DANH SACH UEH'!$A$3:$FE$2228,29,0)),"") | X60: =IFERROR(IF(V60="","",VLOOKUP(B60,'DANH SACH UEH'!$A$3:$FE$2228,28,0)&""),"") | Z60: =VLOOKUP(B60,'DANH SACH UEH'!$A$3:$FE$2228,44,0) -> 9.07 | AA60: =VLOOKUP(B60,'DANH SACH UEH'!$A$3:$FE$2228,45,0) -> 9.32 | AB60: =VLOOKUP(B60,'DANH SACH UEH'!$A$3:$FE$2228,46,0) -> 9.54 | AE60: =VLOOKUP(B60,'DANH SACH UEH'!$A$3:$I$2229,4,0) -> NGUYỄN THỊ KIM NGÂN | AF60: =VLOOKUP(B60,'DANH SACH UEH'!$A$3:$I$2229,8,0) -> 0335022209
A61: 60 | B61: 083308010613 | C61: =VLOOKUP(B61,'DANH SACH UEH'!$A$3:$FE$2228,2,0) -> KSVBS2643272 | D61: =IFERROR(VLOOKUP(B61,'DS NGHIEP VU BO'!$A$3:$BX$148,6,0),"") -> 86004464 | E61: =VLOOKUP(B61,'DS NGHIEP VU BO'!$A$3:$BX$148,45,0) -> Vĩnh Long | F61: =IF(G61<>"","Giải thưởng kỳ thi chọn học sinh giỏi cấp tỉnh/TP:","") | G61: =IFERROR(IF(VLOOKUP(B61,'DANH SACH UEH'!$A$3:$FE$2228,18,0)="Không có","",VLOOKUP(B61,'DANH SACH UEH'!$A$3:$FE$2228,18,0)),"") | H61: =IFERROR(IF(VLOOKUP(B61,'DANH SACH UEH'!$A$3:$FE$2228,20,0)="Không có","",VLOOKUP(B61,'DANH SACH UEH'!$A$3:$FE$2228,20,0)),"") | I61: =IFERROR(IF(VLOOKUP(B61,'DANH SACH UEH'!$A$3:$FE$2228,19,0)="Không có","",VLOOKUP(B61,'DANH SACH UEH'!$A$3:$FE$2228,19,0)),"") | J61: =VLOOKUP(B61,'DANH SACH UEH'!$A$3:$FE$2228,6,0) -> 01/01/2008 | K61: =IF(VLOOKUP(B61,'DANH SACH UEH'!$A$3:$FE$2228,5,0)="1","Nữ","Nam") -> Nữ | L61: =VLOOKUP(B61,'DANH SACH UEH'!$A$3:$FE$2228,14,0) -> Kinh | M61: =VLOOKUP(B61,'DANH SACH UEH'!$A$3:$FE$2228,7,0) -> lengochan010108@gmail.com | N61: =VLOOKUP(B61,'DANH SACH UEH'!$A$3:$FE$2228,8,0) -> 0325243150 | O61: =IFERROR(VLOOKUP(AF61,'DS TAO MAIL'!$A$3:$M$1120,8,0),"") -> 31261570437 | P61: =IFERROR(VLOOKUP(AF61,'DS TAO MAIL'!$A$3:$M$1120,11,0),"") -> 52858401 | Q61: =IFERROR(VLOOKUP(AF61,'DS TAO MAIL'!$A$3:$M$1120,10,0),"") -> hanle.31261570437@st.ueh.edu.vn | R61: =IFERROR(VLOOKUP(AF61,'DS TAO MAIL'!$A$3:$M$1120,11,0),"") -> 52858401 | S61: 80.12 | U61: 79.44 | V61: =IFERROR(IF(VLOOKUP(B61,'DANH SACH UEH'!$A$3:$FE$2228,27,0)="Không có","",IF(VLOOKUP(B61,'DANH SACH UEH'!$A$3:$FE$2228,29,0)<"6","",(VLOOKUP(B61,'DANH SACH UEH'!$A$3:$FE$2228,27,0)))),"") | W61: =IFERROR(IF(VLOOKUP(B61,'DANH SACH UEH'!$A$3:$FE$2228,29,0)<"6","",VLOOKUP(B61,'DANH SACH UEH'!$A$3:$FE$2228,29,0)),"") | X61: =IFERROR(IF(V61="","",VLOOKUP(B61,'DANH SACH UEH'!$A$3:$FE$2228,28,0)&""),"") | Z61: =VLOOKUP(B61,'DANH SACH UEH'!$A$3:$FE$2228,44,0) -> 7.41 | AA61: =VLOOKUP(B61,'DANH SACH UEH'!$A$3:$FE$2228,45,0) -> 8.59 | AB61: =VLOOKUP(B61,'DANH SACH UEH'!$A$3:$FE$2228,46,0) -> 9.02 | AE61: =VLOOKUP(B61,'DANH SACH UEH'!$A$3:$I$2229,4,0) -> LÊ NGỌC HÂN | AF61: =VLOOKUP(B61,'DANH SACH UEH'!$A$3:$I$2229,8,0) -> 0325243150
A62: 61 | B62: 084308005383 | C62: =VLOOKUP(B62,'DANH SACH UEH'!$A$3:$FE$2228,2,0) -> KSVBS2603131 | D62: =IFERROR(VLOOKUP(B62,'DS NGHIEP VU BO'!$A$3:$BX$148,6,0),"") -> 86029154 | E62: =VLOOKUP(B62,'DS NGHIEP VU BO'!$A$3:$BX$148,45,0) -> Vĩnh Long | F62: =IF(G62<>"","Giải thưởng kỳ thi chọn học sinh giỏi cấp tỉnh/TP:","") | G62: =IFERROR(IF(VLOOKUP(B62,'DANH SACH UEH'!$A$3:$FE$2228,18,0)="Không có","",VLOOKUP(B62,'DANH SACH UEH'!$A$3:$FE$2228,18,0)),"") | H62: =IFERROR(IF(VLOOKUP(B62,'DANH SACH UEH'!$A$3:$FE$2228,20,0)="Không có","",VLOOKUP(B62,'DANH SACH UEH'!$A$3:$FE$2228,20,0)),"") | I62: =IFERROR(IF(VLOOKUP(B62,'DANH SACH UEH'!$A$3:$FE$2228,19,0)="Không có","",VLOOKUP(B62,'DANH SACH UEH'!$A$3:$FE$2228,19,0)),"") | J62: =VLOOKUP(B62,'DANH SACH UEH'!$A$3:$FE$2228,6,0) -> 23/12/2008 | K62: =IF(VLOOKUP(B62,'DANH SACH UEH'!$A$3:$FE$2228,5,0)="1","Nữ","Nam") -> Nữ | L62: =VLOOKUP(B62,'DANH SACH UEH'!$A$3:$FE$2228,14,0) -> Khơ Me | M62: =VLOOKUP(B62,'DANH SACH UEH'!$A$3:$FE$2228,7,0) -> huynhbangtram.hbt@gmail.com | N62: =VLOOKUP(B62,'DANH SACH UEH'!$A$3:$FE$2228,8,0) -> 0846226400 | O62: =IFERROR(VLOOKUP(AE62,'DS TAO MAIL'!$D$3:$M$1120,5,0),"") -> 31261570465 | P62: =IFERROR(VLOOKUP(AE62,'DS TAO MAIL'!$D$3:$M$1120,8,0),"") -> 27104215 | Q62: =IFERROR(VLOOKUP(AE62,'DS TAO MAIL'!$D$3:$M$1120,7,0),"") -> tramhuynh.31261570465@st.ueh.edu.vn | R62: =IFERROR(VLOOKUP(AE62,'DS TAO MAIL'!$D$3:$M$1120,8,0),"") -> 27104215 | S62: 76.16 | U62: 76.16 | V62: =IFERROR(IF(VLOOKUP(B62,'DANH SACH UEH'!$A$3:$FE$2228,27,0)="Không có","",IF(VLOOKUP(B62,'DANH SACH UEH'!$A$3:$FE$2228,29,0)<"6","",(VLOOKUP(B62,'DANH SACH UEH'!$A$3:$FE$2228,27,0)))),"") | W62: =IFERROR(IF(VLOOKUP(B62,'DANH SACH UEH'!$A$3:$FE$2228,29,0)<"6","",VLOOKUP(B62,'DANH SACH UEH'!$A$3:$FE$2228,29,0)),"") | X62: =IFERROR(IF(V62="","",VLOOKUP(B62,'DANH SACH UEH'!$A$3:$FE$2228,28,0)&""),"") | Z62: =VLOOKUP(B62,'DANH SACH UEH'!$A$3:$FE$2228,44,0) -> 8.74 | AA62: =VLOOKUP(B62,'DANH SACH UEH'!$A$3:$FE$2228,45,0) -> 9.02 | AB62: =VLOOKUP(B62,'DANH SACH UEH'!$A$3:$FE$2228,46,0) -> 9.11 | AE62: =VLOOKUP(B62,'DANH SACH UEH'!$A$3:$I$2229,4,0) -> HUỲNH BĂNG TRÂM | AF62: =VLOOKUP(B62,'DANH SACH UEH'!$A$3:$I$2229,8,0) -> 0846226400
A63: 62 | B63: 084308006597 | C63: =VLOOKUP(B63,'DANH SACH UEH'!$A$3:$FE$2228,2,0) -> KSVBS2600593 | D63: =IFERROR(VLOOKUP(B63,'DS NGHIEP VU BO'!$A$3:$BX$148,6,0),"") -> 86035965 | E63: =VLOOKUP(B63,'DS NGHIEP VU BO'!$A$3:$BX$148,45,0) -> Vĩnh Long | F63: =IF(G63<>"","Giải thưởng kỳ thi chọn học sinh giỏi cấp tỉnh/TP:","") | G63: =IFERROR(IF(VLOOKUP(B63,'DANH SACH UEH'!$A$3:$FE$2228,18,0)="Không có","",VLOOKUP(B63,'DANH SACH UEH'!$A$3:$FE$2228,18,0)),"") | H63: =IFERROR(IF(VLOOKUP(B63,'DANH SACH UEH'!$A$3:$FE$2228,20,0)="Không có","",VLOOKUP(B63,'DANH SACH UEH'!$A$3:$FE$2228,20,0)),"") | I63: =IFERROR(IF(VLOOKUP(B63,'DANH SACH UEH'!$A$3:$FE$2228,19,0)="Không có","",VLOOKUP(B63,'DANH SACH UEH'!$A$3:$FE$2228,19,0)),"") | J63: =VLOOKUP(B63,'DANH SACH UEH'!$A$3:$FE$2228,6,0) -> 23/11/2008 | K63: =IF(VLOOKUP(B63,'DANH SACH UEH'!$A$3:$FE$2228,5,0)="1","Nữ","Nam") -> Nữ | L63: =VLOOKUP(B63,'DANH SACH UEH'!$A$3:$FE$2228,14,0) -> Kinh | M63: =VLOOKUP(B63,'DANH SACH UEH'!$A$3:$FE$2228,7,0) -> queanhd77@gmail.com | N63: =VLOOKUP(B63,'DANH SACH UEH'!$A$3:$FE$2228,8,0) -> 0813218460 | O63: =IFERROR(VLOOKUP(AE63,'DS TAO MAIL'!$D$3:$M$1120,5,0),"") -> 31261570427 | P63: =IFERROR(VLOOKUP(AE63,'DS TAO MAIL'!$D$3:$M$1120,8,0),"") -> 15021555 | Q63: =IFERROR(VLOOKUP(AE63,'DS TAO MAIL'!$D$3:$M$1120,7,0),"") -> anhdinh.31261570427@st.ueh.edu.vn | R63: =IFERROR(VLOOKUP(AE63,'DS TAO MAIL'!$D$3:$M$1120,8,0),"") -> 15021555 | S63: 73.86 | U63: 71.36 | V63: =IFERROR(IF(VLOOKUP(B63,'DANH SACH UEH'!$A$3:$FE$2228,27,0)="Không có","",IF(VLOOKUP(B63,'DANH SACH UEH'!$A$3:$FE$2228,29,0)<"6","",(VLOOKUP(B63,'DANH SACH UEH'!$A$3:$FE$2228,27,0)))),"") | W63: =IFERROR(IF(VLOOKUP(B63,'DANH SACH UEH'!$A$3:$FE$2228,29,0)<"6","",VLOOKUP(B63,'DANH SACH UEH'!$A$3:$FE$2228,29,0)),"") | X63: =IFERROR(IF(V63="","",VLOOKUP(B63,'DANH SACH UEH'!$A$3:$FE$2228,28,0)&""),"") | Z63: =VLOOKUP(B63,'DANH SACH UEH'!$A$3:$FE$2228,44,0) -> 8.44 | AA63: =VLOOKUP(B63,'DANH SACH UEH'!$A$3:$FE$2228,45,0) -> 8.39 | AB63: =VLOOKUP(B63,'DANH SACH UEH'!$A$3:$FE$2228,46,0) -> 8.72 | AE63: =VLOOKUP(B63,'DANH SACH UEH'!$A$3:$I$2229,4,0) -> ĐINH THỊ QUẾ ANH | AF63: =VLOOKUP(B63,'DANH SACH UEH'!$A$3:$I$2229,8,0) -> 0813218460
A64: 63 | B64: 086208001080 | C64: =VLOOKUP(B64,'DANH SACH UEH'!$A$3:$FE$2228,2,0) -> KSVBS2627907 | D64: =IFERROR(VLOOKUP(B64,'DS NGHIEP VU BO'!$A$3:$BX$148,6,0),"") -> 86014873 | E64: =VLOOKUP(B64,'DS NGHIEP VU BO'!$A$3:$BX$148,45,0) -> Vĩnh Long | F64: =IF(G64<>"","Giải thưởng kỳ thi chọn học sinh giỏi cấp tỉnh/TP:","") | G64: =IFERROR(IF(VLOOKUP(B64,'DANH SACH UEH'!$A$3:$FE$2228,18,0)="Không có","",VLOOKUP(B64,'DANH SACH UEH'!$A$3:$FE$2228,18,0)),"") | H64: =IFERROR(IF(VLOOKUP(B64,'DANH SACH UEH'!$A$3:$FE$2228,20,0)="Không có","",VLOOKUP(B64,'DANH SACH UEH'!$A$3:$FE$2228,20,0)),"") | I64: =IFERROR(IF(VLOOKUP(B64,'DANH SACH UEH'!$A$3:$FE$2228,19,0)="Không có","",VLOOKUP(B64,'DANH SACH UEH'!$A$3:$FE$2228,19,0)),"") | J64: =VLOOKUP(B64,'DANH SACH UEH'!$A$3:$FE$2228,6,0) -> 26/08/2008 | K64: =IF(VLOOKUP(B64,'DANH SACH UEH'!$A$3:$FE$2228,5,0)="1","Nữ","Nam") -> Nam | L64: =VLOOKUP(B64,'DANH SACH UEH'!$A$3:$FE$2228,14,0) -> Kinh | M64: =VLOOKUP(B64,'DANH SACH UEH'!$A$3:$FE$2228,7,0) -> trungnhan260808@gmail.com | N64: =VLOOKUP(B64,'DANH SACH UEH'!$A$3:$FE$2228,8,0) -> 0793872436 | O64: =IFERROR(VLOOKUP(AF64,'DS TAO MAIL'!$A$3:$M$1120,8,0),"") -> 31261570516 | P64: =IFERROR(VLOOKUP(AF64,'DS TAO MAIL'!$A$3:$M$1120,11,0),"") -> 32721196 | Q64: =IFERROR(VLOOKUP(AF64,'DS TAO MAIL'!$A$3:$M$1120,10,0),"") -> nhan.31261570516@st.ueh.edu.vn | R64: =IFERROR(VLOOKUP(AF64,'DS TAO MAIL'!$A$3:$M$1120,11,0),"") -> 32721196 | S64: 70.43 | U64: 69.6 | V64: =IFERROR(IF(VLOOKUP(B64,'DANH SACH UEH'!$A$3:$FE$2228,27,0)="Không có","",IF(VLOOKUP(B64,'DANH SACH UEH'!$A$3:$FE$2228,29,0)<"6","",(VLOOKUP(B64,'DANH SACH UEH'!$A$3:$FE$2228,27,0)))),"") | W64: =IFERROR(IF(VLOOKUP(B64,'DANH SACH UEH'!$A$3:$FE$2228,29,0)<"6","",VLOOKUP(B64,'DANH SACH UEH'!$A$3:$FE$2228,29,0)),"") | X64: =IFERROR(IF(V64="","",VLOOKUP(B64,'DANH SACH UEH'!$A$3:$FE$2228,28,0)&""),"") | Z64: =VLOOKUP(B64,'DANH SACH UEH'!$A$3:$FE$2228,44,0) -> 8.61 | AA64: =VLOOKUP(B64,'DANH SACH UEH'!$A$3:$FE$2228,45,0) -> 8.60 | AB64: =VLOOKUP(B64,'DANH SACH UEH'!$A$3:$FE$2228,46,0) -> 8.40 | AE64: =VLOOKUP(B64,'DANH SACH UEH'!$A$3:$I$2229,4,0) -> TRẦN TRUNG NHÂN | AF64: =VLOOKUP(B64,'DANH SACH UEH'!$A$3:$I$2229,8,0) -> 0793872436
A65: 64 | B65: 086208001876 | C65: =VLOOKUP(B65,'DANH SACH UEH'!$A$3:$FE$2228,2,0) -> KSVBS2649001 | D65: =IFERROR(VLOOKUP(B65,'DS NGHIEP VU BO'!$A$3:$BX$148,6,0),"") -> 86018407 | E65: =VLOOKUP(B65,'DS NGHIEP VU BO'!$A$3:$BX$148,45,0) -> Vĩnh Long | F65: =IF(G65<>"","Giải thưởng kỳ thi chọn học sinh giỏi cấp tỉnh/TP:","") | G65: =IFERROR(IF(VLOOKUP(B65,'DANH SACH UEH'!$A$3:$FE$2228,18,0)="Không có","",VLOOKUP(B65,'DANH SACH UEH'!$A$3:$FE$2228,18,0)),"") | H65: =IFERROR(IF(VLOOKUP(B65,'DANH SACH UEH'!$A$3:$FE$2228,20,0)="Không có","",VLOOKUP(B65,'DANH SACH UEH'!$A$3:$FE$2228,20,0)),"") | I65: =IFERROR(IF(VLOOKUP(B65,'DANH SACH UEH'!$A$3:$FE$2228,19,0)="Không có","",VLOOKUP(B65,'DANH SACH UEH'!$A$3:$FE$2228,19,0)),"") | J65: =VLOOKUP(B65,'DANH SACH UEH'!$A$3:$FE$2228,6,0) -> 10/03/2008 | K65: =IF(VLOOKUP(B65,'DANH SACH UEH'!$A$3:$FE$2228,5,0)="1","Nữ","Nam") -> Nam | L65: =VLOOKUP(B65,'DANH SACH UEH'!$A$3:$FE$2228,14,0) -> Kinh | M65: =VLOOKUP(B65,'DANH SACH UEH'!$A$3:$FE$2228,7,0) -> namanht028@gmail.com | N65: =VLOOKUP(B65,'DANH SACH UEH'!$A$3:$FE$2228,8,0) -> 0766963034 | O65: =IFERROR(VLOOKUP(AF65,'DS TAO MAIL'!$A$3:$M$1120,8,0),"") -> 31261570407 | P65: =IFERROR(VLOOKUP(AF65,'DS TAO MAIL'!$A$3:$M$1120,11,0),"") -> 38363905 | Q65: =IFERROR(VLOOKUP(AF65,'DS TAO MAIL'!$A$3:$M$1120,10,0),"") -> anhnguyen.31261570407@st.ueh.edu.vn | R65: =IFERROR(VLOOKUP(AF65,'DS TAO MAIL'!$A$3:$M$1120,11,0),"") -> 38363905 | S65: 72.63 | U65: 71.8 | V65: =IFERROR(IF(VLOOKUP(B65,'DANH SACH UEH'!$A$3:$FE$2228,27,0)="Không có","",IF(VLOOKUP(B65,'DANH SACH UEH'!$A$3:$FE$2228,29,0)<"6","",(VLOOKUP(B65,'DANH SACH UEH'!$A$3:$FE$2228,27,0)))),"") | W65: =IFERROR(IF(VLOOKUP(B65,'DANH SACH UEH'!$A$3:$FE$2228,29,0)<"6","",VLOOKUP(B65,'DANH SACH UEH'!$A$3:$FE$2228,29,0)),"") | X65: =IFERROR(IF(V65="","",VLOOKUP(B65,'DANH SACH UEH'!$A$3:$FE$2228,28,0)&""),"") | Z65: =VLOOKUP(B65,'DANH SACH UEH'!$A$3:$FE$2228,44,0) -> 7.93 | AA65: =VLOOKUP(B65,'DANH SACH UEH'!$A$3:$FE$2228,45,0) -> 7.99 | AB65: =VLOOKUP(B65,'DANH SACH UEH'!$A$3:$FE$2228,46,0) -> 8.33 | AE65: =VLOOKUP(B65,'DANH SACH UEH'!$A$3:$I$2229,4,0) -> NGUYỄN NAM ANH | AF65: =VLOOKUP(B65,'DANH SACH UEH'!$A$3:$I$2229,8,0) -> 0766963034
A66: 65 | B66: 086208005701 | C66: =VLOOKUP(B66,'DANH SACH UEH'!$A$3:$FE$2228,2,0) -> KSVBS2646022 | D66: =IFERROR(VLOOKUP(B66,'DS NGHIEP VU BO'!$A$3:$BX$148,6,0),"") -> 86013669 | E66: =VLOOKUP(B66,'DS NGHIEP VU BO'!$A$3:$BX$148,45,0) -> Vĩnh Long | F66: =IF(G66<>"","Giải thưởng kỳ thi chọn học sinh giỏi cấp tỉnh/TP:","") | G66: =IFERROR(IF(VLOOKUP(B66,'DANH SACH UEH'!$A$3:$FE$2228,18,0)="Không có","",VLOOKUP(B66,'DANH SACH UEH'!$A$3:$FE$2228,18,0)),"") | H66: =IFERROR(IF(VLOOKUP(B66,'DANH SACH UEH'!$A$3:$FE$2228,20,0)="Không có","",VLOOKUP(B66,'DANH SACH UEH'!$A$3:$FE$2228,20,0)),"") | I66: =IFERROR(IF(VLOOKUP(B66,'DANH SACH UEH'!$A$3:$FE$2228,19,0)="Không có","",VLOOKUP(B66,'DANH SACH UEH'!$A$3:$FE$2228,19,0)),"") | J66: =VLOOKUP(B66,'DANH SACH UEH'!$A$3:$FE$2228,6,0) -> 07/06/2008 | K66: =IF(VLOOKUP(B66,'DANH SACH UEH'!$A$3:$FE$2228,5,0)="1","Nữ","Nam") -> Nam | L66: =VLOOKUP(B66,'DANH SACH UEH'!$A$3:$FE$2228,14,0) -> Kinh | M66: =VLOOKUP(B66,'DANH SACH UEH'!$A$3:$FE$2228,7,0) -> minhtao.31261570463@st.ueh.edu.vn | N66: =VLOOKUP(B66,'DANH SACH UEH'!$A$3:$FE$2228,8,0) -> 0822760225 | O66: =IFERROR(VLOOKUP(AE66,'DS TAO MAIL'!$D$3:$M$1120,5,0),"") -> 31261570463 | P66: =IFERROR(VLOOKUP(AE66,'DS TAO MAIL'!$D$3:$M$1120,8,0),"") -> 74297819 | Q66: =IFERROR(VLOOKUP(AE66,'DS TAO MAIL'!$D$3:$M$1120,7,0),"") -> minhtao.31261570463@st.ueh.edu.vn | R66: =IFERROR(VLOOKUP(AE66,'DS TAO MAIL'!$D$3:$M$1120,8,0),"") -> 74297819 | S66: 77.51 | U66: 75.9 | V66: =IFERROR(IF(VLOOKUP(B66,'DANH SACH UEH'!$A$3:$FE$2228,27,0)="Không có","",IF(VLOOKUP(B66,'DANH SACH UEH'!$A$3:$FE$2228,29,0)<"6","",(VLOOKUP(B66,'DANH SACH UEH'!$A$3:$FE$2228,27,0)))),"") | W66: =IFERROR(IF(VLOOKUP(B66,'DANH SACH UEH'!$A$3:$FE$2228,29,0)<"6","",VLOOKUP(B66,'DANH SACH UEH'!$A$3:$FE$2228,29,0)),"") | X66: =IFERROR(IF(V66="","",VLOOKUP(B66,'DANH SACH UEH'!$A$3:$FE$2228,28,0)&""),"") | Z66: =VLOOKUP(B66,'DANH SACH UEH'!$A$3:$FE$2228,44,0) -> 7.98 | AA66: =VLOOKUP(B66,'DANH SACH UEH'!$A$3:$FE$2228,45,0) -> 8.32 | AB66: =VLOOKUP(B66,'DANH SACH UEH'!$A$3:$FE$2228,46,0) -> 8.56 | AE66: =VLOOKUP(B66,'DANH SACH UEH'!$A$3:$I$2229,4,0) -> TÀO HOÀNG MINH | AF66: =VLOOKUP(B66,'DANH SACH UEH'!$A$3:$I$2229,8,0) -> 0822760225
A67: 66 | B67: 086208007331 | C67: =VLOOKUP(B67,'DANH SACH UEH'!$A$3:$FE$2228,2,0) -> KSVBS2639187 | D67: =IFERROR(VLOOKUP(B67,'DS NGHIEP VU BO'!$A$3:$BX$148,6,0),"") -> 86015559 | E67: =VLOOKUP(B67,'DS NGHIEP VU BO'!$A$3:$BX$148,45,0) -> Vĩnh Long | F67: =IF(G67<>"","Giải thưởng kỳ thi chọn học sinh giỏi cấp tỉnh/TP:","") | G67: =IFERROR(IF(VLOOKUP(B67,'DANH SACH UEH'!$A$3:$FE$2228,18,0)="Không có","",VLOOKUP(B67,'DANH SACH UEH'!$A$3:$FE$2228,18,0)),"") | H67: =IFERROR(IF(VLOOKUP(B67,'DANH SACH UEH'!$A$3:$FE$2228,20,0)="Không có","",VLOOKUP(B67,'DANH SACH UEH'!$A$3:$FE$2228,20,0)),"") | I67: =IFERROR(IF(VLOOKUP(B67,'DANH SACH UEH'!$A$3:$FE$2228,19,0)="Không có","",VLOOKUP(B67,'DANH SACH UEH'!$A$3:$FE$2228,19,0)),"") | J67: =VLOOKUP(B67,'DANH SACH UEH'!$A$3:$FE$2228,6,0) -> 14/01/2008 | K67: =IF(VLOOKUP(B67,'DANH SACH UEH'!$A$3:$FE$2228,5,0)="1","Nữ","Nam") -> Nam | L67: =VLOOKUP(B67,'DANH SACH UEH'!$A$3:$FE$2228,14,0) -> Kinh | M67: =VLOOKUP(B67,'DANH SACH UEH'!$A$3:$FE$2228,7,0) -> phphong1401@gmail.com | N67: =VLOOKUP(B67,'DANH SACH UEH'!$A$3:$FE$2228,8,0) -> 0363644359 | O67: =IFERROR(VLOOKUP(AE67,'DS TAO MAIL'!$D$3:$M$1120,5,0),"") | P67: =IFERROR(VLOOKUP(AE67,'DS TAO MAIL'!$D$3:$M$1120,8,0),"") | Q67: =IFERROR(VLOOKUP(AE67,'DS TAO MAIL'!$D$3:$M$1120,7,0),"") | R67: =IFERROR(VLOOKUP(AE67,'DS TAO MAIL'!$D$3:$M$1120,8,0),"") | S67: 76 | U67: 75.18 | V67: =IFERROR(IF(VLOOKUP(B67,'DANH SACH UEH'!$A$3:$FE$2228,27,0)="Không có","",IF(VLOOKUP(B67,'DANH SACH UEH'!$A$3:$FE$2228,29,0)<"6","",(VLOOKUP(B67,'DANH SACH UEH'!$A$3:$FE$2228,27,0)))),"") | W67: =IFERROR(IF(VLOOKUP(B67,'DANH SACH UEH'!$A$3:$FE$2228,29,0)<"6","",VLOOKUP(B67,'DANH SACH UEH'!$A$3:$FE$2228,29,0)),"") | X67: =IFERROR(IF(V67="","",VLOOKUP(B67,'DANH SACH UEH'!$A$3:$FE$2228,28,0)&""),"") | Z67: =VLOOKUP(B67,'DANH SACH UEH'!$A$3:$FE$2228,44,0) -> 8.70 | AA67: =VLOOKUP(B67,'DANH SACH UEH'!$A$3:$FE$2228,45,0) -> 8.60 | AB67: =VLOOKUP(B67,'DANH SACH UEH'!$A$3:$FE$2228,46,0) -> 8.43 | AE67: =VLOOKUP(B67,'DANH SACH UEH'!$A$3:$I$2229,4,0) -> PHẠM HOÀNG PHONG | AF67: =VLOOKUP(B67,'DANH SACH UEH'!$A$3:$I$2229,8,0) -> 0363644359
A68: 67 | B68: 086208009865 | C68: =VLOOKUP(B68,'DANH SACH UEH'!$A$3:$FE$2228,2,0) -> KSVBS2647175 | D68: =IFERROR(VLOOKUP(B68,'DS NGHIEP VU BO'!$A$3:$BX$148,6,0),"") -> 79045946 | E68: =VLOOKUP(B68,'DS NGHIEP VU BO'!$A$3:$BX$148,45,0) -> Tp. Hồ Chí Minh | F68: =IF(G68<>"","Giải thưởng kỳ thi chọn học sinh giỏi cấp tỉnh/TP:","") | G68: =IFERROR(IF(VLOOKUP(B68,'DANH SACH UEH'!$A$3:$FE$2228,18,0)="Không có","",VLOOKUP(B68,'DANH SACH UEH'!$A$3:$FE$2228,18,0)),"") | H68: =IFERROR(IF(VLOOKUP(B68,'DANH SACH UEH'!$A$3:$FE$2228,20,0)="Không có","",VLOOKUP(B68,'DANH SACH UEH'!$A$3:$FE$2228,20,0)),"") | I68: =IFERROR(IF(VLOOKUP(B68,'DANH SACH UEH'!$A$3:$FE$2228,19,0)="Không có","",VLOOKUP(B68,'DANH SACH UEH'!$A$3:$FE$2228,19,0)),"") | J68: =VLOOKUP(B68,'DANH SACH UEH'!$A$3:$FE$2228,6,0) -> 19/05/2008 | K68: =IF(VLOOKUP(B68,'DANH SACH UEH'!$A$3:$FE$2228,5,0)="1","Nữ","Nam") -> Nam | L68: =VLOOKUP(B68,'DANH SACH UEH'!$A$3:$FE$2228,14,0) -> Kinh | M68: =VLOOKUP(B68,'DANH SACH UEH'!$A$3:$FE$2228,7,0) -> epixgoes@gmail.com | N68: =VLOOKUP(B68,'DANH SACH UEH'!$A$3:$FE$2228,8,0) -> 0769712280 | O68: =IFERROR(VLOOKUP(AE68,'DS TAO MAIL'!$D$3:$M$1120,5,0),"") -> 31261570504 | P68: =IFERROR(VLOOKUP(AE68,'DS TAO MAIL'!$D$3:$M$1120,8,0),"") -> 10400186 | Q68: =IFERROR(VLOOKUP(AE68,'DS TAO MAIL'!$D$3:$M$1120,7,0),"") -> taimai.31261570504@st.ueh.edu.vn | R68: =IFERROR(VLOOKUP(AE68,'DS TAO MAIL'!$D$3:$M$1120,8,0),"") -> 10400186 | S68: 74.09 | U68: 72.42 | V68: =IFERROR(IF(VLOOKUP(B68,'DANH SACH UEH'!$A$3:$FE$2228,27,0)="Không có","",IF(VLOOKUP(B68,'DANH SACH UEH'!$A$3:$FE$2228,29,0)<"6","",(VLOOKUP(B68,'DANH SACH UEH'!$A$3:$FE$2228,27,0)))),"") | W68: =IFERROR(IF(VLOOKUP(B68,'DANH SACH UEH'!$A$3:$FE$2228,29,0)<"6","",VLOOKUP(B68,'DANH SACH UEH'!$A$3:$FE$2228,29,0)),"") | X68: =IFERROR(IF(V68="","",VLOOKUP(B68,'DANH SACH UEH'!$A$3:$FE$2228,28,0)&""),"") | Z68: =VLOOKUP(B68,'DANH SACH UEH'!$A$3:$FE$2228,44,0) -> 6.87 | AA68: =VLOOKUP(B68,'DANH SACH UEH'!$A$3:$FE$2228,45,0) -> 7.21 | AB68: =VLOOKUP(B68,'DANH SACH UEH'!$A$3:$FE$2228,46,0) -> 7.78 | AE68: =VLOOKUP(B68,'DANH SACH UEH'!$A$3:$I$2229,4,0) -> MAI HỮU TÀI | AF68: =VLOOKUP(B68,'DANH SACH UEH'!$A$3:$I$2229,8,0) -> 0769712280
A69: 68 | B69: 086208011841 | C69: =VLOOKUP(B69,'DANH SACH UEH'!$A$3:$FE$2228,2,0) -> KSVBS2624950 | D69: =IFERROR(VLOOKUP(B69,'DS NGHIEP VU BO'!$A$3:$BX$148,6,0),"") -> 86022472 | E69: =VLOOKUP(B69,'DS NGHIEP VU BO'!$A$3:$BX$148,45,0) -> Vĩnh Long | F69: =IF(G69<>"","Giải thưởng kỳ thi chọn học sinh giỏi cấp tỉnh/TP:","") | G69: =IFERROR(IF(VLOOKUP(B69,'DANH SACH UEH'!$A$3:$FE$2228,18,0)="Không có","",VLOOKUP(B69,'DANH SACH UEH'!$A$3:$FE$2228,18,0)),"") | H69: =IFERROR(IF(VLOOKUP(B69,'DANH SACH UEH'!$A$3:$FE$2228,20,0)="Không có","",VLOOKUP(B69,'DANH SACH UEH'!$A$3:$FE$2228,20,0)),"") | I69: =IFERROR(IF(VLOOKUP(B69,'DANH SACH UEH'!$A$3:$FE$2228,19,0)="Không có","",VLOOKUP(B69,'DANH SACH UEH'!$A$3:$FE$2228,19,0)),"") | J69: =VLOOKUP(B69,'DANH SACH UEH'!$A$3:$FE$2228,6,0) -> 21/10/2008 | K69: =IF(VLOOKUP(B69,'DANH SACH UEH'!$A$3:$FE$2228,5,0)="1","Nữ","Nam") -> Nam | L69: =VLOOKUP(B69,'DANH SACH UEH'!$A$3:$FE$2228,14,0) -> Kinh | M69: =VLOOKUP(B69,'DANH SACH UEH'!$A$3:$FE$2228,7,0) -> phuckhanh2110@gmail.com | N69: =VLOOKUP(B69,'DANH SACH UEH'!$A$3:$FE$2228,8,0) -> 0765945936 | O69: =IFERROR(VLOOKUP(AE69,'DS TAO MAIL'!$D$3:$M$1120,5,0),"") -> 31261570470 | P69: =IFERROR(VLOOKUP(AE69,'DS TAO MAIL'!$D$3:$M$1120,8,0),"") -> 88076560 | Q69: =IFERROR(VLOOKUP(AE69,'DS TAO MAIL'!$D$3:$M$1120,7,0),"") -> khanhnguyen.31261570470@st.ueh.edu.vn | R69: =IFERROR(VLOOKUP(AE69,'DS TAO MAIL'!$D$3:$M$1120,8,0),"") -> 88076560 | S69: 80.66 | U69: 80 | V69: =IFERROR(IF(VLOOKUP(B69,'DANH SACH UEH'!$A$3:$FE$2228,27,0)="Không có","",IF(VLOOKUP(B69,'DANH SACH UEH'!$A$3:$FE$2228,29,0)<"6","",(VLOOKUP(B69,'DANH SACH UEH'!$A$3:$FE$2228,27,0)))),"") | W69: =IFERROR(IF(VLOOKUP(B69,'DANH SACH UEH'!$A$3:$FE$2228,29,0)<"6","",VLOOKUP(B69,'DANH SACH UEH'!$A$3:$FE$2228,29,0)),"") | X69: =IFERROR(IF(V69="","",VLOOKUP(B69,'DANH SACH UEH'!$A$3:$FE$2228,28,0)&""),"") | Z69: =VLOOKUP(B69,'DANH SACH UEH'!$A$3:$FE$2228,44,0) -> 8.17 | AA69: =VLOOKUP(B69,'DANH SACH UEH'!$A$3:$FE$2228,45,0) -> 7.87 | AB69: =VLOOKUP(B69,'DANH SACH UEH'!$A$3:$FE$2228,46,0) -> 8.61 | AE69: =VLOOKUP(B69,'DANH SACH UEH'!$A$3:$I$2229,4,0) -> NGUYỄN PHÚC KHÁNH | AF69: =VLOOKUP(B69,'DANH SACH UEH'!$A$3:$I$2229,8,0) -> 0765945936
A70: 69 | B70: 086307005884 | C70: =VLOOKUP(B70,'DANH SACH UEH'!$A$3:$FE$2228,2,0) -> KSVBS2608906 | D70: =IFERROR(VLOOKUP(B70,'DS NGHIEP VU BO'!$A$3:$BX$148,6,0),"") -> 0 | E70: =VLOOKUP(B70,'DS NGHIEP VU BO'!$A$3:$BX$148,45,0) -> Vĩnh Long | F70: =IF(G70<>"","Giải thưởng kỳ thi chọn học sinh giỏi cấp tỉnh/TP:","") | G70: =IFERROR(IF(VLOOKUP(B70,'DANH SACH UEH'!$A$3:$FE$2228,18,0)="Không có","",VLOOKUP(B70,'DANH SACH UEH'!$A$3:$FE$2228,18,0)),"") | H70: =IFERROR(IF(VLOOKUP(B70,'DANH SACH UEH'!$A$3:$FE$2228,20,0)="Không có","",VLOOKUP(B70,'DANH SACH UEH'!$A$3:$FE$2228,20,0)),"") | I70: =IFERROR(IF(VLOOKUP(B70,'DANH SACH UEH'!$A$3:$FE$2228,19,0)="Không có","",VLOOKUP(B70,'DANH SACH UEH'!$A$3:$FE$2228,19,0)),"") | J70: =VLOOKUP(B70,'DANH SACH UEH'!$A$3:$FE$2228,6,0) -> 04/10/2007 | K70: =IF(VLOOKUP(B70,'DANH SACH UEH'!$A$3:$FE$2228,5,0)="1","Nữ","Nam") -> Nữ | L70: =VLOOKUP(B70,'DANH SACH UEH'!$A$3:$FE$2228,14,0) -> Kinh | M70: =VLOOKUP(B70,'DANH SACH UEH'!$A$3:$FE$2228,7,0) -> chaudiepngoctuoi@gmail.com | N70: =VLOOKUP(B70,'DANH SACH UEH'!$A$3:$FE$2228,8,0) -> 0907507776 | O70: =IFERROR(VLOOKUP(AF70,'DS TAO MAIL'!$A$3:$M$1120,8,0),"") | P70: =IFERROR(VLOOKUP(AF70,'DS TAO MAIL'!$A$3:$M$1120,11,0),"") | Q70: =IFERROR(VLOOKUP(AF70,'DS TAO MAIL'!$A$3:$M$1120,10,0),"") | R70: =IFERROR(VLOOKUP(AF70,'DS TAO MAIL'!$A$3:$M$1120,11,0),"") | S70: 66.51 | U70: 64.84 | V70: =IFERROR(IF(VLOOKUP(B70,'DANH SACH UEH'!$A$3:$FE$2228,27,0)="Không có","",IF(VLOOKUP(B70,'DANH SACH UEH'!$A$3:$FE$2228,29,0)<"6","",(VLOOKUP(B70,'DANH SACH UEH'!$A$3:$FE$2228,27,0)))),"") | W70: =IFERROR(IF(VLOOKUP(B70,'DANH SACH UEH'!$A$3:$FE$2228,29,0)<"6","",VLOOKUP(B70,'DANH SACH UEH'!$A$3:$FE$2228,29,0)),"") | X70: =IFERROR(IF(V70="","",VLOOKUP(B70,'DANH SACH UEH'!$A$3:$FE$2228,28,0)&""),"") | Z70: =VLOOKUP(B70,'DANH SACH UEH'!$A$3:$FE$2228,44,0) -> 8.43 | AA70: =VLOOKUP(B70,'DANH SACH UEH'!$A$3:$FE$2228,45,0) -> 8.46 | AB70: =VLOOKUP(B70,'DANH SACH UEH'!$A$3:$FE$2228,46,0) -> 8.03 | AE70: =VLOOKUP(B70,'DANH SACH UEH'!$A$3:$I$2229,4,0) -> CHÂU DIỆP NGỌC TƯƠI | AF70: =VLOOKUP(B70,'DANH SACH UEH'!$A$3:$I$2229,8,0) -> 0907507776
A71: 70 | B71: 086308000630 | C71: =VLOOKUP(B71,'DANH SACH UEH'!$A$3:$FE$2228,2,0) -> KSVBS2611886 | D71: =IFERROR(VLOOKUP(B71,'DS NGHIEP VU BO'!$A$3:$BX$148,6,0),"") -> 91022174 | E71: =VLOOKUP(B71,'DS NGHIEP VU BO'!$A$3:$BX$148,45,0) -> An Giang | F71: =IF(G71<>"","Giải thưởng kỳ thi chọn học sinh giỏi cấp tỉnh/TP:","") | G71: =IFERROR(IF(VLOOKUP(B71,'DANH SACH UEH'!$A$3:$FE$2228,18,0)="Không có","",VLOOKUP(B71,'DANH SACH UEH'!$A$3:$FE$2228,18,0)),"") | H71: =IFERROR(IF(VLOOKUP(B71,'DANH SACH UEH'!$A$3:$FE$2228,20,0)="Không có","",VLOOKUP(B71,'DANH SACH UEH'!$A$3:$FE$2228,20,0)),"") | I71: =IFERROR(IF(VLOOKUP(B71,'DANH SACH UEH'!$A$3:$FE$2228,19,0)="Không có","",VLOOKUP(B71,'DANH SACH UEH'!$A$3:$FE$2228,19,0)),"") | J71: =VLOOKUP(B71,'DANH SACH UEH'!$A$3:$FE$2228,6,0) -> 01/01/2008 | K71: =IF(VLOOKUP(B71,'DANH SACH UEH'!$A$3:$FE$2228,5,0)="1","Nữ","Nam") -> Nữ | L71: =VLOOKUP(B71,'DANH SACH UEH'!$A$3:$FE$2228,14,0) -> Kinh | M71: =VLOOKUP(B71,'DANH SACH UEH'!$A$3:$FE$2228,7,0) -> dophuongvyag2008@gmail.com | N71: =VLOOKUP(B71,'DANH SACH UEH'!$A$3:$FE$2228,8,0) -> 0974510157 | O71: =IFERROR(VLOOKUP(AE71,'DS TAO MAIL'!$D$3:$M$1120,5,0),"") | P71: =IFERROR(VLOOKUP(AE71,'DS TAO MAIL'!$D$3:$M$1120,8,0),"") | Q71: =IFERROR(VLOOKUP(AE71,'DS TAO MAIL'!$D$3:$M$1120,7,0),"") | R71: =IFERROR(VLOOKUP(AE71,'DS TAO MAIL'!$D$3:$M$1120,8,0),"") | S71: 73.05 | U71: 71.38 | V71: =IFERROR(IF(VLOOKUP(B71,'DANH SACH UEH'!$A$3:$FE$2228,27,0)="Không có","",IF(VLOOKUP(B71,'DANH SACH UEH'!$A$3:$FE$2228,29,0)<"6","",(VLOOKUP(B71,'DANH SACH UEH'!$A$3:$FE$2228,27,0)))),"") | W71: =IFERROR(IF(VLOOKUP(B71,'DANH SACH UEH'!$A$3:$FE$2228,29,0)<"6","",VLOOKUP(B71,'DANH SACH UEH'!$A$3:$FE$2228,29,0)),"") | X71: =IFERROR(IF(V71="","",VLOOKUP(B71,'DANH SACH UEH'!$A$3:$FE$2228,28,0)&""),"") | Z71: =VLOOKUP(B71,'DANH SACH UEH'!$A$3:$FE$2228,44,0) -> 7.81 | AA71: =VLOOKUP(B71,'DANH SACH UEH'!$A$3:$FE$2228,45,0) -> 7.57 | AB71: =VLOOKUP(B71,'DANH SACH UEH'!$A$3:$FE$2228,46,0) -> 7.16 | AE71: =VLOOKUP(B71,'DANH SACH UEH'!$A$3:$I$2229,4,0) -> ĐỖ PHƯƠNG VY | AF71: =VLOOKUP(B71,'DANH SACH UEH'!$A$3:$I$2229,8,0) -> 0974510157
A72: 71 | B72: 086308004288 | C72: =VLOOKUP(B72,'DANH SACH UEH'!$A$3:$FE$2228,2,0) -> KSVBS2638358 | D72: =IFERROR(VLOOKUP(B72,'DS NGHIEP VU BO'!$A$3:$BX$148,6,0),"") -> 86022886 | E72: =VLOOKUP(B72,'DS NGHIEP VU BO'!$A$3:$BX$148,45,0) -> Vĩnh Long | F72: =IF(G72<>"","Giải thưởng kỳ thi chọn học sinh giỏi cấp tỉnh/TP:","") | G72: =IFERROR(IF(VLOOKUP(B72,'DANH SACH UEH'!$A$3:$FE$2228,18,0)="Không có","",VLOOKUP(B72,'DANH SACH UEH'!$A$3:$FE$2228,18,0)),"") | H72: =IFERROR(IF(VLOOKUP(B72,'DANH SACH UEH'!$A$3:$FE$2228,20,0)="Không có","",VLOOKUP(B72,'DANH SACH UEH'!$A$3:$FE$2228,20,0)),"") | I72: =IFERROR(IF(VLOOKUP(B72,'DANH SACH UEH'!$A$3:$FE$2228,19,0)="Không có","",VLOOKUP(B72,'DANH SACH UEH'!$A$3:$FE$2228,19,0)),"") | J72: =VLOOKUP(B72,'DANH SACH UEH'!$A$3:$FE$2228,6,0) -> 19/10/2008 | K72: =IF(VLOOKUP(B72,'DANH SACH UEH'!$A$3:$FE$2228,5,0)="1","Nữ","Nam") -> Nữ | L72: =VLOOKUP(B72,'DANH SACH UEH'!$A$3:$FE$2228,14,0) -> Kinh | M72: =VLOOKUP(B72,'DANH SACH UEH'!$A$3:$FE$2228,7,0) -> ptruc1967@gmail.com | N72: =VLOOKUP(B72,'DANH SACH UEH'!$A$3:$FE$2228,8,0) -> 0919969394 | O72: =IFERROR(VLOOKUP(AE72,'DS TAO MAIL'!$D$3:$M$1120,5,0),"") -> 31261570475 | P72: =IFERROR(VLOOKUP(AE72,'DS TAO MAIL'!$D$3:$M$1120,8,0),"") -> 35496455 | Q72: =IFERROR(VLOOKUP(AE72,'DS TAO MAIL'!$D$3:$M$1120,7,0),"") -> phuongdang.31261570475@st.ueh.edu.vn | R72: =IFERROR(VLOOKUP(AE72,'DS TAO MAIL'!$D$3:$M$1120,8,0),"") -> 35496455 | S72: 68.25 | U72: 66.58 | V72: =IFERROR(IF(VLOOKUP(B72,'DANH SACH UEH'!$A$3:$FE$2228,27,0)="Không có","",IF(VLOOKUP(B72,'DANH SACH UEH'!$A$3:$FE$2228,29,0)<"6","",(VLOOKUP(B72,'DANH SACH UEH'!$A$3:$FE$2228,27,0)))),"") | W72: =IFERROR(IF(VLOOKUP(B72,'DANH SACH UEH'!$A$3:$FE$2228,29,0)<"6","",VLOOKUP(B72,'DANH SACH UEH'!$A$3:$FE$2228,29,0)),"") | X72: =IFERROR(IF(V72="","",VLOOKUP(B72,'DANH SACH UEH'!$A$3:$FE$2228,28,0)&""),"") | Z72: =VLOOKUP(B72,'DANH SACH UEH'!$A$3:$FE$2228,44,0) -> 8.17 | AA72: =VLOOKUP(B72,'DANH SACH UEH'!$A$3:$FE$2228,45,0) -> 8.98 | AB72: =VLOOKUP(B72,'DANH SACH UEH'!$A$3:$FE$2228,46,0) -> 9.12 | AE72: =VLOOKUP(B72,'DANH SACH UEH'!$A$3:$I$2229,4,0) -> ĐẶNG HUỲNH TRÚC PHƯƠNG | AF72: =VLOOKUP(B72,'DANH SACH UEH'!$A$3:$I$2229,8,0) -> 0919969394
A73: 72 | B73: 086308004540 | C73: =VLOOKUP(B73,'DANH SACH UEH'!$A$3:$FE$2228,2,0) -> KSVBS2609596 | D73: =IFERROR(VLOOKUP(B73,'DS NGHIEP VU BO'!$A$3:$BX$148,6,0),"") -> 86013991 | E73: =VLOOKUP(B73,'DS NGHIEP VU BO'!$A$3:$BX$148,45,0) -> Vĩnh Long | F73: =IF(G73<>"","Giải thưởng kỳ thi chọn học sinh giỏi cấp tỉnh/TP:","") | G73: =IFERROR(IF(VLOOKUP(B73,'DANH SACH UEH'!$A$3:$FE$2228,18,0)="Không có","",VLOOKUP(B73,'DANH SACH UEH'!$A$3:$FE$2228,18,0)),"") | H73: =IFERROR(IF(VLOOKUP(B73,'DANH SACH UEH'!$A$3:$FE$2228,20,0)="Không có","",VLOOKUP(B73,'DANH SACH UEH'!$A$3:$FE$2228,20,0)),"") | I73: =IFERROR(IF(VLOOKUP(B73,'DANH SACH UEH'!$A$3:$FE$2228,19,0)="Không có","",VLOOKUP(B73,'DANH SACH UEH'!$A$3:$FE$2228,19,0)),"") | J73: =VLOOKUP(B73,'DANH SACH UEH'!$A$3:$FE$2228,6,0) -> 10/04/2008 | K73: =IF(VLOOKUP(B73,'DANH SACH UEH'!$A$3:$FE$2228,5,0)="1","Nữ","Nam") -> Nữ | L73: =VLOOKUP(B73,'DANH SACH UEH'!$A$3:$FE$2228,14,0) -> Kinh | M73: =VLOOKUP(B73,'DANH SACH UEH'!$A$3:$FE$2228,7,0) -> thluu0410@gmail.com | N73: =VLOOKUP(B73,'DANH SACH UEH'!$A$3:$FE$2228,8,0) -> 0772168769 | O73: =IFERROR(VLOOKUP(AE73,'DS TAO MAIL'!$D$3:$M$1120,5,0),"") -> 31261570472 | P73: =IFERROR(VLOOKUP(AE73,'DS TAO MAIL'!$D$3:$M$1120,8,0),"") -> 29592287 | Q73: =IFERROR(VLOOKUP(AE73,'DS TAO MAIL'!$D$3:$M$1120,7,0),"") -> thuluu.31261570472@st.ueh.edu.vn | R73: =IFERROR(VLOOKUP(AE73,'DS TAO MAIL'!$D$3:$M$1120,8,0),"") -> 29592287 | S73: 66.71 | U73: 65.04 | V73: =IFERROR(IF(VLOOKUP(B73,'DANH SACH UEH'!$A$3:$FE$2228,27,0)="Không có","",IF(VLOOKUP(B73,'DANH SACH UEH'!$A$3:$FE$2228,29,0)<"6","",(VLOOKUP(B73,'DANH SACH UEH'!$A$3:$FE$2228,27,0)))),"") | W73: =IFERROR(IF(VLOOKUP(B73,'DANH SACH UEH'!$A$3:$FE$2228,29,0)<"6","",VLOOKUP(B73,'DANH SACH UEH'!$A$3:$FE$2228,29,0)),"") | X73: =IFERROR(IF(V73="","",VLOOKUP(B73,'DANH SACH UEH'!$A$3:$FE$2228,28,0)&""),"") | Z73: =VLOOKUP(B73,'DANH SACH UEH'!$A$3:$FE$2228,44,0) -> 8.47 | AA73: =VLOOKUP(B73,'DANH SACH UEH'!$A$3:$FE$2228,45,0) -> 8.87 | AB73: =VLOOKUP(B73,'DANH SACH UEH'!$A$3:$FE$2228,46,0) -> 9.01 | AE73: =VLOOKUP(B73,'DANH SACH UEH'!$A$3:$I$2229,4,0) -> LƯU ANH THƯ | AF73: =VLOOKUP(B73,'DANH SACH UEH'!$A$3:$I$2229,8,0) -> 0772168769
A74: 73 | B74: 086308005441 | C74: =VLOOKUP(B74,'DANH SACH UEH'!$A$3:$FE$2228,2,0) -> KSVBS2620480 | D74: =IFERROR(VLOOKUP(B74,'DS NGHIEP VU BO'!$A$3:$BX$148,6,0),"") -> 86022658 | E74: =VLOOKUP(B74,'DS NGHIEP VU BO'!$A$3:$BX$148,45,0) -> Vĩnh Long | F74: =IF(G74<>"","Giải thưởng kỳ thi chọn học sinh giỏi cấp tỉnh/TP:","") | G74: =IFERROR(IF(VLOOKUP(B74,'DANH SACH UEH'!$A$3:$FE$2228,18,0)="Không có","",VLOOKUP(B74,'DANH SACH UEH'!$A$3:$FE$2228,18,0)),"") | H74: =IFERROR(IF(VLOOKUP(B74,'DANH SACH UEH'!$A$3:$FE$2228,20,0)="Không có","",VLOOKUP(B74,'DANH SACH UEH'!$A$3:$FE$2228,20,0)),"") | I74: =IFERROR(IF(VLOOKUP(B74,'DANH SACH UEH'!$A$3:$FE$2228,19,0)="Không có","",VLOOKUP(B74,'DANH SACH UEH'!$A$3:$FE$2228,19,0)),"") | J74: =VLOOKUP(B74,'DANH SACH UEH'!$A$3:$FE$2228,6,0) -> 06/12/2008 | K74: =IF(VLOOKUP(B74,'DANH SACH UEH'!$A$3:$FE$2228,5,0)="1","Nữ","Nam") -> Nữ | L74: =VLOOKUP(B74,'DANH SACH UEH'!$A$3:$FE$2228,14,0) -> Kinh | M74: =VLOOKUP(B74,'DANH SACH UEH'!$A$3:$FE$2228,7,0) -> ait47748@gmail.com | N74: =VLOOKUP(B74,'DANH SACH UEH'!$A$3:$FE$2228,8,0) -> 0795926478 | O74: =IFERROR(VLOOKUP(AE74,'DS TAO MAIL'!$D$3:$M$1120,5,0),"") -> 31261570479 | P74: =IFERROR(VLOOKUP(AE74,'DS TAO MAIL'!$D$3:$M$1120,8,0),"") -> 29239557 | Q74: =IFERROR(VLOOKUP(AE74,'DS TAO MAIL'!$D$3:$M$1120,7,0),"") -> anhle.31261570479@st.ueh.edu.vn | R74: =IFERROR(VLOOKUP(AE74,'DS TAO MAIL'!$D$3:$M$1120,8,0),"") -> 29239557 | S74: 69.75 | U74: 68.92 | V74: =IFERROR(IF(VLOOKUP(B74,'DANH SACH UEH'!$A$3:$FE$2228,27,0)="Không có","",IF(VLOOKUP(B74,'DANH SACH UEH'!$A$3:$FE$2228,29,0)<"6","",(VLOOKUP(B74,'DANH SACH UEH'!$A$3:$FE$2228,27,0)))),"") | W74: =IFERROR(IF(VLOOKUP(B74,'DANH SACH UEH'!$A$3:$FE$2228,29,0)<"6","",VLOOKUP(B74,'DANH SACH UEH'!$A$3:$FE$2228,29,0)),"") | X74: =IFERROR(IF(V74="","",VLOOKUP(B74,'DANH SACH UEH'!$A$3:$FE$2228,28,0)&""),"") | Z74: =VLOOKUP(B74,'DANH SACH UEH'!$A$3:$FE$2228,44,0) -> 8.36 | AA74: =VLOOKUP(B74,'DANH SACH UEH'!$A$3:$FE$2228,45,0) -> 8.65 | AB74: =VLOOKUP(B74,'DANH SACH UEH'!$A$3:$FE$2228,46,0) -> 8.80 | AE74: =VLOOKUP(B74,'DANH SACH UEH'!$A$3:$I$2229,4,0) -> LÊ THỊ NGỌC ÁNH | AF74: =VLOOKUP(B74,'DANH SACH UEH'!$A$3:$I$2229,8,0) -> 0795926478
A75: 74 | B75: 086308006658 | C75: =VLOOKUP(B75,'DANH SACH UEH'!$A$3:$FE$2228,2,0) -> KSVBS2638777 | D75: =IFERROR(VLOOKUP(B75,'DS NGHIEP VU BO'!$A$3:$BX$148,6,0),"") -> 86013671 | E75: =VLOOKUP(B75,'DS NGHIEP VU BO'!$A$3:$BX$148,45,0) -> Vĩnh Long | F75: =IF(G75<>"","Giải thưởng kỳ thi chọn học sinh giỏi cấp tỉnh/TP:","") | G75: =IFERROR(IF(VLOOKUP(B75,'DANH SACH UEH'!$A$3:$FE$2228,18,0)="Không có","",VLOOKUP(B75,'DANH SACH UEH'!$A$3:$FE$2228,18,0)),"") | H75: =IFERROR(IF(VLOOKUP(B75,'DANH SACH UEH'!$A$3:$FE$2228,20,0)="Không có","",VLOOKUP(B75,'DANH SACH UEH'!$A$3:$FE$2228,20,0)),"") | I75: =IFERROR(IF(VLOOKUP(B75,'DANH SACH UEH'!$A$3:$FE$2228,19,0)="Không có","",VLOOKUP(B75,'DANH SACH UEH'!$A$3:$FE$2228,19,0)),"") | J75: =VLOOKUP(B75,'DANH SACH UEH'!$A$3:$FE$2228,6,0) -> 23/04/2008 | K75: =IF(VLOOKUP(B75,'DANH SACH UEH'!$A$3:$FE$2228,5,0)="1","Nữ","Nam") -> Nữ | L75: =VLOOKUP(B75,'DANH SACH UEH'!$A$3:$FE$2228,14,0) -> Kinh | M75: =VLOOKUP(B75,'DANH SACH UEH'!$A$3:$FE$2228,7,0) -> lemy123vl@gmail.com | N75: =VLOOKUP(B75,'DANH SACH UEH'!$A$3:$FE$2228,8,0) -> 0939889906 | O75: =IFERROR(VLOOKUP(AE75,'DS TAO MAIL'!$D$3:$M$1120,5,0),"") -> 31261570492 | P75: =IFERROR(VLOOKUP(AE75,'DS TAO MAIL'!$D$3:$M$1120,8,0),"") -> 47956323 | Q75: =IFERROR(VLOOKUP(AE75,'DS TAO MAIL'!$D$3:$M$1120,7,0),"") -> myle.31261570492@st.ueh.edu.vn | R75: =IFERROR(VLOOKUP(AE75,'DS TAO MAIL'!$D$3:$M$1120,8,0),"") -> 47956323 | S75: 72.13 | U75: 71.3 | V75: =IFERROR(IF(VLOOKUP(B75,'DANH SACH UEH'!$A$3:$FE$2228,27,0)="Không có","",IF(VLOOKUP(B75,'DANH SACH UEH'!$A$3:$FE$2228,29,0)<"6","",(VLOOKUP(B75,'DANH SACH UEH'!$A$3:$FE$2228,27,0)))),"") | W75: =IFERROR(IF(VLOOKUP(B75,'DANH SACH UEH'!$A$3:$FE$2228,29,0)<"6","",VLOOKUP(B75,'DANH SACH UEH'!$A$3:$FE$2228,29,0)),"") | X75: =IFERROR(IF(V75="","",VLOOKUP(B75,'DANH SACH UEH'!$A$3:$FE$2228,28,0)&""),"") | Z75: =VLOOKUP(B75,'DANH SACH UEH'!$A$3:$FE$2228,44,0) -> 8.81 | AA75: =VLOOKUP(B75,'DANH SACH UEH'!$A$3:$FE$2228,45,0) -> 8.73 | AB75: =VLOOKUP(B75,'DANH SACH UEH'!$A$3:$FE$2228,46,0) -> 8.74 | AE75: =VLOOKUP(B75,'DANH SACH UEH'!$A$3:$I$2229,4,0) -> LÊ NGỌC HÀ MY | AF75: =VLOOKUP(B75,'DANH SACH UEH'!$A$3:$I$2229,8,0) -> 0939889906
A76: 75 | B76: 086308007620 | C76: =VLOOKUP(B76,'DANH SACH UEH'!$A$3:$FE$2228,2,0) -> KSVBS2605793 | D76: =IFERROR(VLOOKUP(B76,'DS NGHIEP VU BO'!$A$3:$BX$148,6,0),"") -> 86024812 | E76: =VLOOKUP(B76,'DS NGHIEP VU BO'!$A$3:$BX$148,45,0) -> Vĩnh Long | F76: =IF(G76<>"","Giải thưởng kỳ thi chọn học sinh giỏi cấp tỉnh/TP:","") | G76: =IFERROR(IF(VLOOKUP(B76,'DANH SACH UEH'!$A$3:$FE$2228,18,0)="Không có","",VLOOKUP(B76,'DANH SACH UEH'!$A$3:$FE$2228,18,0)),"") | H76: =IFERROR(IF(VLOOKUP(B76,'DANH SACH UEH'!$A$3:$FE$2228,20,0)="Không có","",VLOOKUP(B76,'DANH SACH UEH'!$A$3:$FE$2228,20,0)),"") | I76: =IFERROR(IF(VLOOKUP(B76,'DANH SACH UEH'!$A$3:$FE$2228,19,0)="Không có","",VLOOKUP(B76,'DANH SACH UEH'!$A$3:$FE$2228,19,0)),"") | J76: =VLOOKUP(B76,'DANH SACH UEH'!$A$3:$FE$2228,6,0) -> 25/06/2008 | K76: =IF(VLOOKUP(B76,'DANH SACH UEH'!$A$3:$FE$2228,5,0)="1","Nữ","Nam") -> Nữ | L76: =VLOOKUP(B76,'DANH SACH UEH'!$A$3:$FE$2228,14,0) -> Kinh | M76: =VLOOKUP(B76,'DANH SACH UEH'!$A$3:$FE$2228,7,0) -> panh07787@gmail.com | N76: =VLOOKUP(B76,'DANH SACH UEH'!$A$3:$FE$2228,8,0) -> 0369562288 | O76: =IFERROR(VLOOKUP(AE76,'DS TAO MAIL'!$D$3:$M$1120,5,0),"") | P76: =IFERROR(VLOOKUP(AE76,'DS TAO MAIL'!$D$3:$M$1120,8,0),"") | Q76: =IFERROR(VLOOKUP(AE76,'DS TAO MAIL'!$D$3:$M$1120,7,0),"") | R76: =IFERROR(VLOOKUP(AE76,'DS TAO MAIL'!$D$3:$M$1120,8,0),"") | S76: 72.31 | U76: 70.64 | V76: =IFERROR(IF(VLOOKUP(B76,'DANH SACH UEH'!$A$3:$FE$2228,27,0)="Không có","",IF(VLOOKUP(B76,'DANH SACH UEH'!$A$3:$FE$2228,29,0)<"6","",(VLOOKUP(B76,'DANH SACH UEH'!$A$3:$FE$2228,27,0)))),"") | W76: =IFERROR(IF(VLOOKUP(B76,'DANH SACH UEH'!$A$3:$FE$2228,29,0)<"6","",VLOOKUP(B76,'DANH SACH UEH'!$A$3:$FE$2228,29,0)),"") | X76: =IFERROR(IF(V76="","",VLOOKUP(B76,'DANH SACH UEH'!$A$3:$FE$2228,28,0)&""),"") | Z76: =VLOOKUP(B76,'DANH SACH UEH'!$A$3:$FE$2228,44,0) -> 7.58 | AA76: =VLOOKUP(B76,'DANH SACH UEH'!$A$3:$FE$2228,45,0) -> 7.88 | AB76: =VLOOKUP(B76,'DANH SACH UEH'!$A$3:$FE$2228,46,0) -> 8.53 | AE76: =VLOOKUP(B76,'DANH SACH UEH'!$A$3:$I$2229,4,0) -> NGÔ THỊ ANH THƯ | AF76: =VLOOKUP(B76,'DANH SACH UEH'!$A$3:$I$2229,8,0) -> 0369562288
A77: 76 | B77: 087208000775 | C77: =VLOOKUP(B77,'DANH SACH UEH'!$A$3:$FE$2228,2,0) -> KSVBS2618146 | D77: =IFERROR(VLOOKUP(B77,'DS NGHIEP VU BO'!$A$3:$BX$148,6,0),"") -> 82013305 | E77: =VLOOKUP(B77,'DS NGHIEP VU BO'!$A$3:$BX$148,45,0) -> Đồng Tháp | F77: =IF(G77<>"","Giải thưởng kỳ thi chọn học sinh giỏi cấp tỉnh/TP:","") | G77: =IFERROR(IF(VLOOKUP(B77,'DANH SACH UEH'!$A$3:$FE$2228,18,0)="Không có","",VLOOKUP(B77,'DANH SACH UEH'!$A$3:$FE$2228,18,0)),"") | H77: =IFERROR(IF(VLOOKUP(B77,'DANH SACH UEH'!$A$3:$FE$2228,20,0)="Không có","",VLOOKUP(B77,'DANH SACH UEH'!$A$3:$FE$2228,20,0)),"") | I77: =IFERROR(IF(VLOOKUP(B77,'DANH SACH UEH'!$A$3:$FE$2228,19,0)="Không có","",VLOOKUP(B77,'DANH SACH UEH'!$A$3:$FE$2228,19,0)),"") | J77: =VLOOKUP(B77,'DANH SACH UEH'!$A$3:$FE$2228,6,0) -> 15/04/2008 | K77: =IF(VLOOKUP(B77,'DANH SACH UEH'!$A$3:$FE$2228,5,0)="1","Nữ","Nam") -> Nam | L77: =VLOOKUP(B77,'DANH SACH UEH'!$A$3:$FE$2228,14,0) -> Kinh | M77: =VLOOKUP(B77,'DANH SACH UEH'!$A$3:$FE$2228,7,0) -> nguyennguyen.31261570481@st.ueh.edu.vn | N77: =VLOOKUP(B77,'DANH SACH UEH'!$A$3:$FE$2228,8,0) -> 0859677669 | O77: =IFERROR(VLOOKUP(AE77,'DS TAO MAIL'!$D$3:$M$1120,5,0),"") -> 31261570481 | P77: =IFERROR(VLOOKUP(AE77,'DS TAO MAIL'!$D$3:$M$1120,8,0),"") -> 52609637 | Q77: =IFERROR(VLOOKUP(AE77,'DS TAO MAIL'!$D$3:$M$1120,7,0),"") -> nguyennguyen.31261570481@st.ueh.edu.vn | R77: =IFERROR(VLOOKUP(AE77,'DS TAO MAIL'!$D$3:$M$1120,8,0),"") -> 52609637 | S77: 73.57 | U77: 71.9 | V77: =IFERROR(IF(VLOOKUP(B77,'DANH SACH UEH'!$A$3:$FE$2228,27,0)="Không có","",IF(VLOOKUP(B77,'DANH SACH UEH'!$A$3:$FE$2228,29,0)<"6","",(VLOOKUP(B77,'DANH SACH UEH'!$A$3:$FE$2228,27,0)))),"") | W77: =IFERROR(IF(VLOOKUP(B77,'DANH SACH UEH'!$A$3:$FE$2228,29,0)<"6","",VLOOKUP(B77,'DANH SACH UEH'!$A$3:$FE$2228,29,0)),"") | X77: =IFERROR(IF(V77="","",VLOOKUP(B77,'DANH SACH UEH'!$A$3:$FE$2228,28,0)&""),"") | Z77: =VLOOKUP(B77,'DANH SACH UEH'!$A$3:$FE$2228,44,0) -> 8.01 | AA77: =VLOOKUP(B77,'DANH SACH UEH'!$A$3:$FE$2228,45,0) -> 7.89 | AB77: =VLOOKUP(B77,'DANH SACH UEH'!$A$3:$FE$2228,46,0) -> 8.50 | AE77: =VLOOKUP(B77,'DANH SACH UEH'!$A$3:$I$2229,4,0) -> NGUYỄN PHÚC NGUYÊN | AF77: =VLOOKUP(B77,'DANH SACH UEH'!$A$3:$I$2229,8,0) -> 0859677669
A78: 77 | B78: 087208010723 | C78: =VLOOKUP(B78,'DANH SACH UEH'!$A$3:$FE$2228,2,0) -> KSVBS2639007 | D78: =IFERROR(VLOOKUP(B78,'DS NGHIEP VU BO'!$A$3:$BX$148,6,0),"") -> 82018666 | E78: =VLOOKUP(B78,'DS NGHIEP VU BO'!$A$3:$BX$148,45,0) -> Đồng Tháp | F78: =IF(G78<>"","Giải thưởng kỳ thi chọn học sinh giỏi cấp tỉnh/TP:","") | G78: =IFERROR(IF(VLOOKUP(B78,'DANH SACH UEH'!$A$3:$FE$2228,18,0)="Không có","",VLOOKUP(B78,'DANH SACH UEH'!$A$3:$FE$2228,18,0)),"") | H78: =IFERROR(IF(VLOOKUP(B78,'DANH SACH UEH'!$A$3:$FE$2228,20,0)="Không có","",VLOOKUP(B78,'DANH SACH UEH'!$A$3:$FE$2228,20,0)),"") | I78: =IFERROR(IF(VLOOKUP(B78,'DANH SACH UEH'!$A$3:$FE$2228,19,0)="Không có","",VLOOKUP(B78,'DANH SACH UEH'!$A$3:$FE$2228,19,0)),"") | J78: =VLOOKUP(B78,'DANH SACH UEH'!$A$3:$FE$2228,6,0) -> 07/12/2008 | K78: =IF(VLOOKUP(B78,'DANH SACH UEH'!$A$3:$FE$2228,5,0)="1","Nữ","Nam") -> Nam | L78: =VLOOKUP(B78,'DANH SACH UEH'!$A$3:$FE$2228,14,0) -> Kinh | M78: =VLOOKUP(B78,'DANH SACH UEH'!$A$3:$FE$2228,7,0) -> chuankhoa08@gmail.com | N78: =VLOOKUP(B78,'DANH SACH UEH'!$A$3:$FE$2228,8,0) -> 0829639129 | O78: =IFERROR(VLOOKUP(AE78,'DS TAO MAIL'!$D$3:$M$1120,5,0),"") -> 31261570497 | P78: =IFERROR(VLOOKUP(AE78,'DS TAO MAIL'!$D$3:$M$1120,8,0),"") -> 38372031 | Q78: =IFERROR(VLOOKUP(AE78,'DS TAO MAIL'!$D$3:$M$1120,7,0),"") -> khoanguyen.31261570497@st.ueh.edu.vn | R78: =IFERROR(VLOOKUP(AE78,'DS TAO MAIL'!$D$3:$M$1120,8,0),"") -> 38372031 | S78: 79.43 | U78: 78.72 | V78: =IFERROR(IF(VLOOKUP(B78,'DANH SACH UEH'!$A$3:$FE$2228,27,0)="Không có","",IF(VLOOKUP(B78,'DANH SACH UEH'!$A$3:$FE$2228,29,0)<"6","",(VLOOKUP(B78,'DANH SACH UEH'!$A$3:$FE$2228,27,0)))),"") | W78: =IFERROR(IF(VLOOKUP(B78,'DANH SACH UEH'!$A$3:$FE$2228,29,0)<"6","",VLOOKUP(B78,'DANH SACH UEH'!$A$3:$FE$2228,29,0)),"") | X78: =IFERROR(IF(V78="","",VLOOKUP(B78,'DANH SACH UEH'!$A$3:$FE$2228,28,0)&""),"") | Z78: =VLOOKUP(B78,'DANH SACH UEH'!$A$3:$FE$2228,44,0) -> 8.03 | AA78: =VLOOKUP(B78,'DANH SACH UEH'!$A$3:$FE$2228,45,0) -> 7.67 | AB78: =VLOOKUP(B78,'DANH SACH UEH'!$A$3:$FE$2228,46,0) -> 7.82 | AE78: =VLOOKUP(B78,'DANH SACH UEH'!$A$3:$I$2229,4,0) -> NGUYỄN HỮU CHUẨN KHOA | AF78: =VLOOKUP(B78,'DANH SACH UEH'!$A$3:$I$2229,8,0) -> 0829639129
A79: 78 | B79: 087308004738 | C79: =VLOOKUP(B79,'DANH SACH UEH'!$A$3:$FE$2228,2,0) -> KSVBS2646087 | D79: =IFERROR(VLOOKUP(B79,'DS NGHIEP VU BO'!$A$3:$BX$148,6,0),"") -> 82017359 | E79: =VLOOKUP(B79,'DS NGHIEP VU BO'!$A$3:$BX$148,45,0) -> Đồng Tháp | F79: =IF(G79<>"","Giải thưởng kỳ thi chọn học sinh giỏi cấp tỉnh/TP:","") | G79: =IFERROR(IF(VLOOKUP(B79,'DANH SACH UEH'!$A$3:$FE$2228,18,0)="Không có","",VLOOKUP(B79,'DANH SACH UEH'!$A$3:$FE$2228,18,0)),"") | H79: =IFERROR(IF(VLOOKUP(B79,'DANH SACH UEH'!$A$3:$FE$2228,20,0)="Không có","",VLOOKUP(B79,'DANH SACH UEH'!$A$3:$FE$2228,20,0)),"") | I79: =IFERROR(IF(VLOOKUP(B79,'DANH SACH UEH'!$A$3:$FE$2228,19,0)="Không có","",VLOOKUP(B79,'DANH SACH UEH'!$A$3:$FE$2228,19,0)),"") | J79: =VLOOKUP(B79,'DANH SACH UEH'!$A$3:$FE$2228,6,0) -> 02/01/2008 | K79: =IF(VLOOKUP(B79,'DANH SACH UEH'!$A$3:$FE$2228,5,0)="1","Nữ","Nam") -> Nữ | L79: =VLOOKUP(B79,'DANH SACH UEH'!$A$3:$FE$2228,14,0) -> Kinh | M79: =VLOOKUP(B79,'DANH SACH UEH'!$A$3:$FE$2228,7,0) -> tranngocminhtam412@gmail.com | N79: =VLOOKUP(B79,'DANH SACH UEH'!$A$3:$FE$2228,8,0) -> 0332670210 | O79: =IFERROR(VLOOKUP(AE79,'DS TAO MAIL'!$D$3:$M$1120,5,0),"") -> 31261570448 | P79: =IFERROR(VLOOKUP(AE79,'DS TAO MAIL'!$D$3:$M$1120,8,0),"") -> 32508150 | Q79: =IFERROR(VLOOKUP(AE79,'DS TAO MAIL'!$D$3:$M$1120,7,0),"") -> tamtran.31261570448@st.ueh.edu.vn | R79: =IFERROR(VLOOKUP(AE79,'DS TAO MAIL'!$D$3:$M$1120,8,0),"") -> 32508150 | S79: 69.17 | U79: 67.5 | V79: =IFERROR(IF(VLOOKUP(B79,'DANH SACH UEH'!$A$3:$FE$2228,27,0)="Không có","",IF(VLOOKUP(B79,'DANH SACH UEH'!$A$3:$FE$2228,29,0)<"6","",(VLOOKUP(B79,'DANH SACH UEH'!$A$3:$FE$2228,27,0)))),"") | W79: =IFERROR(IF(VLOOKUP(B79,'DANH SACH UEH'!$A$3:$FE$2228,29,0)<"6","",VLOOKUP(B79,'DANH SACH UEH'!$A$3:$FE$2228,29,0)),"") | X79: =IFERROR(IF(V79="","",VLOOKUP(B79,'DANH SACH UEH'!$A$3:$FE$2228,28,0)&""),"") | Z79: =VLOOKUP(B79,'DANH SACH UEH'!$A$3:$FE$2228,44,0) -> 8.38 | AA79: =VLOOKUP(B79,'DANH SACH UEH'!$A$3:$FE$2228,45,0) -> 8.44 | AB79: =VLOOKUP(B79,'DANH SACH UEH'!$A$3:$FE$2228,46,0) -> 8.51 | AE79: =VLOOKUP(B79,'DANH SACH UEH'!$A$3:$I$2229,4,0) -> TRẦN NGỌC MINH TÂM | AF79: =VLOOKUP(B79,'DANH SACH UEH'!$A$3:$I$2229,8,0) -> 0332670210
A80: 79 | B80: 087308009654 | C80: =VLOOKUP(B80,'DANH SACH UEH'!$A$3:$FE$2228,2,0) -> KSVBS2641380 | D80: =IFERROR(VLOOKUP(B80,'DS NGHIEP VU BO'!$A$3:$BX$148,6,0),"") -> 82008371 | E80: =VLOOKUP(B80,'DS NGHIEP VU BO'!$A$3:$BX$148,45,0) -> Đồng Tháp | F80: =IF(G80<>"","Giải thưởng kỳ thi chọn học sinh giỏi cấp tỉnh/TP:","") | G80: =IFERROR(IF(VLOOKUP(B80,'DANH SACH UEH'!$A$3:$FE$2228,18,0)="Không có","",VLOOKUP(B80,'DANH SACH UEH'!$A$3:$FE$2228,18,0)),"") | H80: =IFERROR(IF(VLOOKUP(B80,'DANH SACH UEH'!$A$3:$FE$2228,20,0)="Không có","",VLOOKUP(B80,'DANH SACH UEH'!$A$3:$FE$2228,20,0)),"") | I80: =IFERROR(IF(VLOOKUP(B80,'DANH SACH UEH'!$A$3:$FE$2228,19,0)="Không có","",VLOOKUP(B80,'DANH SACH UEH'!$A$3:$FE$2228,19,0)),"") | J80: =VLOOKUP(B80,'DANH SACH UEH'!$A$3:$FE$2228,6,0) -> 15/05/2008 | K80: =IF(VLOOKUP(B80,'DANH SACH UEH'!$A$3:$FE$2228,5,0)="1","Nữ","Nam") -> Nữ | L80: =VLOOKUP(B80,'DANH SACH UEH'!$A$3:$FE$2228,14,0) -> Kinh | M80: =VLOOKUP(B80,'DANH SACH UEH'!$A$3:$FE$2228,7,0) -> nganhuynh.951505@gmail.com | N80: =VLOOKUP(B80,'DANH SACH UEH'!$A$3:$FE$2228,8,0) -> 0792518575 | O80: =IFERROR(VLOOKUP(AE80,'DS TAO MAIL'!$D$3:$M$1120,5,0),"") -> 31261570443 | P80: =IFERROR(VLOOKUP(AE80,'DS TAO MAIL'!$D$3:$M$1120,8,0),"") -> 54658447 | Q80: =IFERROR(VLOOKUP(AE80,'DS TAO MAIL'!$D$3:$M$1120,7,0),"") -> nganhuynh.31261570443@st.ueh.edu.vn | R80: =IFERROR(VLOOKUP(AE80,'DS TAO MAIL'!$D$3:$M$1120,8,0),"") -> 54658447 | S80: 73.66 | U80: 71.16 | V80: =IFERROR(IF(VLOOKUP(B80,'DANH SACH UEH'!$A$3:$FE$2228,27,0)="Không có","",IF(VLOOKUP(B80,'DANH SACH UEH'!$A$3:$FE$2228,29,0)<"6","",(VLOOKUP(B80,'DANH SACH UEH'!$A$3:$FE$2228,27,0)))),"") | W80: =IFERROR(IF(VLOOKUP(B80,'DANH SACH UEH'!$A$3:$FE$2228,29,0)<"6","",VLOOKUP(B80,'DANH SACH UEH'!$A$3:$FE$2228,29,0)),"") | X80: =IFERROR(IF(V80="","",VLOOKUP(B80,'DANH SACH UEH'!$A$3:$FE$2228,28,0)&""),"") | Z80: =VLOOKUP(B80,'DANH SACH UEH'!$A$3:$FE$2228,44,0) -> 8.23 | AA80: =VLOOKUP(B80,'DANH SACH UEH'!$A$3:$FE$2228,45,0) -> 8.51 | AB80: =VLOOKUP(B80,'DANH SACH UEH'!$A$3:$FE$2228,46,0) -> 8.61 | AE80: =VLOOKUP(B80,'DANH SACH UEH'!$A$3:$I$2229,4,0) -> HUỲNH LÊ HỒNG NGÂN | AF80: =VLOOKUP(B80,'DANH SACH UEH'!$A$3:$I$2229,8,0) -> 0792518575
